arabic,arabic_romanization,hebrew,hebrew_romanization,layers
آب,ʔāb,אב,áv,shared_borrowing_source
آتى,ʔātā,נאות,na'ót,direct_cognate_he→ar
آذار,ʔāḏār,אדר,adár,shared_borrowing_source
آس,ʔās,הדס,haḏás,direct_cognate_he→ar
آشور,ʔāšūr,אשור,ashúr,shared_borrowing_source
آمن,ʔāmana,האמין,he'emín,direct_cognate_ar→he;direct_cognate_he→ar
آن,ʔān,אנה,'ána,direct_cognate_ar→he
آه,ʔāhi,אהה,ăhā́h,direct_cognate_he→ar
آية,ʔāya,אות,ot,direct_cognate_ar→he;direct_cognate_he→ar;shared_proto_semitic_root
أب,ʔab,אב,áv,direct_cognate_ar→he;direct_cognate_he→ar;shared_proto_semitic_root
أب,ʔab,אביב,avív,direct_cognate_he→ar
أبار,ʔabbār,אבר,'éver,direct_cognate_ar→he
أباسخيرون,ʔabāsḵīrūn,אבא,ába,shared_borrowing_source
أبجد,ʔabjad,אבגדי,avgadí,direct_cognate_he→ar
أبريل,ʔabrīl,אסתר,estér,shared_borrowing_source
أبريل,ʔabrīl,אפריל,apríl,shared_borrowing_source
أبق,ʔabaqa,נאבק,ne'evák,direct_cognate_he→ar
أبنوس,ʔabnūs,הבנה,havaná,shared_borrowing_source
أبهل,ʔabhal,ברוש,brósh,shared_borrowing_source
أبى,ʔabā,אבה,avá,direct_cognate_he→ar;shared_proto_semitic_root
أتان,ʔatān,אתון,atón,direct_cognate_ar→he;direct_cognate_he→ar;shared_proto_semitic_root
أتقن,ʔatqana,תיקן,tikén,direct_cognate_ar→he
أتوبوس,ʔotobūs,אוטובוס,ótobus,direct_cognate_he→ar
أتوبيس,ʔotobīs,אוטובוס,ótobus,shared_borrowing_source
أثر,ʔaṯṯara,אשר,ashér,direct_cognate_ar→he;direct_cognate_he→ar;shared_proto_semitic_root
أثل,ʔaṯl,אשל,éshel,direct_cognate_ar→he
أجر,ʔajara,אגר,agár,direct_cognate_ar→he
أجمة,ʔajama,אגם,agám,direct_cognate_ar→he;direct_cognate_he→ar;shared_borrowing_source
أحاديث,ʔaḥādīṯ,חדשות,khadashót,direct_cognate_he→ar
أحد,ʔaḥad,אחד,ekhád,direct_cognate_ar→he
أحيا,ʔaḥyā,החיה,hekheyá,direct_cognate_ar→he
أخ,ʔaḵ,אח,ákh,shared_proto_semitic_root
أخ,ʔaḵ,אחי,akhí,direct_cognate_he→ar
أخت,ʔuḵt,אחות,akhót,direct_cognate_he→ar;shared_proto_semitic_root
أخذ,ʔaḵaḏa,אחז,akház,direct_cognate_ar→he;direct_cognate_he→ar
أخر,ʔaḵḵara,אחר,achár,direct_cognate_ar→he
أخوة,ʔuḵuwwa,אחווה,akhavá,direct_cognate_he→ar
أدرك,ʔadraka,דרך,dérekh,direct_cognate_he→ar
أذكر,ʔaḏkara,הזכיר,hizkír,direct_cognate_ar→he
أذن,ʔuḏun,אוזן,ózen,direct_cognate_ar→he;shared_proto_semitic_root
أربعة,ʔarbaʕa,ארבע,arbá',shared_proto_semitic_root
أربعة,ʔarbaʕa,ארבעה,arba'á,shared_proto_semitic_root
أرثوذكس,ʔurṯūḏuks,אורתודוקסי,ortodóksi,shared_borrowing_source
أرخبيل,ʔarḵabīl,ארכיפלג,arkhipélag,shared_borrowing_source
أرز,ʔarz,ארז,érez,direct_cognate_ar→he;direct_cognate_he→ar
أرسطاطاليس,ʔarisṭāṭālīs,אריסטו,arísto,shared_borrowing_source
أرسطو,ʔarisṭū,אריסטו,arísto,shared_borrowing_source
أرسطوطاليس,ʔarisṭūṭālīs,אריסטו,arísto,shared_borrowing_source
أرض,ʔarḍ,ארץ,érets,direct_cognate_ar→he;shared_proto_semitic_root
أرم,ʔaram,ארם,arám,direct_cognate_ar→he
أرملة,ʔarmala,אלמנה,almaná,direct_cognate_he→ar
أرنب,ʔarnab,ארנב,arnáv,direct_cognate_ar→he;direct_cognate_he→ar;shared_proto_semitic_root
أرنب,ʔarnab,ארנבת,arnévet,direct_cognate_he→ar;shared_proto_semitic_root
أرى,ʔarā,הראה,her'á,direct_cognate_ar→he
أزر,ʔazara,עזר,'azár,direct_cognate_ar→he
أزعر,ʔazʕar,זעיר,za'ir,direct_cognate_he→ar
أس,ʔuss,יסוד,yesód,direct_cognate_ar→he
أس,ʔuss,שת,shat,direct_cognate_ar→he
أسر,ʔasara,אסר,asár,direct_cognate_he→ar;shared_proto_semitic_root
أسطوري,ʔusṭūriyy,היסטוריה,história,shared_borrowing_source
أسقى,ʔasqā,השקה,hishká,direct_cognate_ar→he;direct_cognate_he→ar
أسير,ʔasīr,אסיר,asír,shared_proto_semitic_root
أصر,ʔaṣarra,אצר,atsár,direct_cognate_he→ar
أصلح,ʔaṣlaḥa,הצליח,hitslíakh,direct_cognate_ar→he
أصهب,ʔaṣhab,צהב,tsahóv,direct_cognate_ar→he
أصيص,ʔaṣīṣ,עציץ,atsíts,direct_cognate_ar→he
أصيل,ʔaṣīl,אציל,atsíl,direct_cognate_ar→he;direct_cognate_he→ar
أطر,ʔaṭara,אטר,atár,direct_cognate_he→ar
أعور,ʔaʕwar,עיוור,ivér,direct_cognate_ar→he
أغسطس,ʔaḡusṭus,אוגוסט,ogúst,shared_borrowing_source
أغوى,ʔaḡwā,עוה,ʿiva,direct_cognate_he→ar
أفعى,ʔafʕan,אפעה,ef'é,direct_cognate_he→ar;shared_proto_semitic_root
أقام,ʔaqāma,הקים,hekím,direct_cognate_ar→he
أكار,ʔakkār,איכר,ikár,direct_cognate_ar→he;shared_borrowing_source
أكاف,ʔukkāf,אכף,ukáf,direct_cognate_ar→he
أكل,ʔakala,אוכל,ókhel,direct_cognate_he→ar
أكل,ʔakala,אכל,akhál,direct_cognate_he→ar;shared_proto_semitic_root
أكل,ʔakala,אכלה,okhlá,shared_proto_semitic_root
أكلال,ʔuklāl,יוקולילי,yukuleyli,shared_borrowing_source
أكلة,ʔakla,אכלה,okhlá,direct_cognate_he→ar
ألاسكا,ʔalāskā,אלסקה,aláska,shared_borrowing_source
ألبوم,ʔalbūm,אלבום,albóm,shared_borrowing_source
ألف,ʔalif,אילף,iléf,direct_cognate_ar→he
ألف,ʔalif,אלף,élef,direct_cognate_he→ar;shared_proto_semitic_root
ألف,ʔalif,אל״ף,álef,direct_cognate_he→ar
ألكسندروس,ʔaliksandarūs,אלכסנדר,aleksánder,shared_borrowing_source
ألم,ʔalima,אלמנה,almaná,direct_cognate_he→ar
أله,ʔallaha,אל,el,shared_proto_semitic_root
أله,ʔallaha,אלוה,elóah,shared_proto_semitic_root;shared_borrowing_source
ألوف,ʔulūf,אלוף,alúf,direct_cognate_he→ar
ألية,ʔalya,אליה,'eléha,direct_cognate_ar→he
أم,ʔumm,אם,em,direct_cognate_ar→he;shared_proto_semitic_root
أمات,ʔamāta,המית,hemít,direct_cognate_ar→he
أمة,ʔumma,אומה,'umá,direct_cognate_he→ar
أمة,ʔumma,אמה,amá,shared_proto_semitic_root
أمر,ʔamara,אמר,amár,direct_cognate_ar→he;direct_cognate_he→ar
أمس,ʔamsi,אמש,émesh,direct_cognate_he→ar
أنا,ʔana,אנוכי,anokhí,shared_proto_semitic_root
أنا,ʔana,אני,aní,direct_cognate_ar→he;shared_proto_semitic_root
أناخ,ʔanāḵa,נח,nákh,direct_cognate_ar→he;direct_cognate_he→ar
أناس,ʔunās,אנוש,enósh,shared_proto_semitic_root
أنبج,ʔanbaj,עמבה,'ámba,shared_borrowing_source
أنبوب,ʔunbūb,אבוב,abúv,direct_cognate_he→ar;shared_borrowing_source
أنت,ʔanta,את,et,shared_proto_semitic_root
أنت,ʔanta,אתה,atá,direct_cognate_he→ar;shared_proto_semitic_root
أنتم,ʔantum,אתם,atém,direct_cognate_ar→he;shared_proto_semitic_root
أنتن,ʔantunna,אתן,atén,shared_proto_semitic_root
أنثى,ʔunṯā,אישה,isháh,direct_cognate_ar→he
أنثى,ʔunṯā,אשה,ishá,direct_cognate_he→ar;shared_proto_semitic_root
أنف,ʔanf,אף,af,direct_cognate_ar→he;shared_proto_semitic_root
أنمي,ʔanimī,אנימה,ánime,shared_borrowing_source
أهل,ʔahl,אוהל,óhel,shared_proto_semitic_root
أو,ʔaw,או,'o,direct_cognate_ar→he;direct_cognate_he→ar;shared_proto_semitic_root
أوار,ʔuwār,אור,'ór,direct_cognate_ar→he;direct_cognate_he→ar
أورانوس,ʔūrānūs,אורנוס,uránus,shared_borrowing_source
أورث,ʔawraṯa,הוריש,horish,direct_cognate_ar→he
أوركسترا,ʔorkestrā,קריוקי,karyóki,shared_borrowing_source
أوساكا,ʔūsākā,אוסקה,ósaka,shared_borrowing_source
أوقع,ʔawqaʕa,הוקיע,hokía,direct_cognate_he→ar
أول,ʔawwal,א־ל,ʾ-l,shared_proto_semitic_root;shared_borrowing_source
أولاء,ʾulāʾi,אלה,éle,direct_cognate_he→ar
أوى,ʔawā,אי,í,direct_cognate_he→ar
أي,ʔayy,אי,í,shared_proto_semitic_root
أي,ʔayy,איה,ayé,shared_proto_semitic_root
أيل,ʔayyal,אייל,ayál,shared_proto_semitic_root
أيل,ʔayyal,איל,áyil,shared_proto_semitic_root
أيلول,ʔaylūl,אלול,'elúl,shared_borrowing_source
إبزيم,ʔibzīm,אבזם,avzám,shared_borrowing_source
إبهام,ʔibhām,בוהן,bóhen,direct_cognate_ar→he
إثم,ʔiṯm,אשמה,ashmá,direct_cognate_ar→he;direct_cognate_he→ar
إجاص,ʔijjāṣ,אגס,agás,direct_cognate_ar→he;shared_borrowing_source
إذ,ʔiḏ,אז,az,direct_cognate_he→ar
إذا,ʔiḏā,אז,az,direct_cognate_ar→he
إربيان,ʔirbiyān,ארבה,arbé,shared_proto_semitic_root
إزار,ʔizār,אזור,ezór,direct_cognate_he→ar
إزميل,ʔizmīl,אזמל,izmél,shared_borrowing_source
إستاد,ʔistād,אצטדיון,itstadyón,shared_borrowing_source
إسفنج,ʔisfanj,סופגנייה,sufganiyá,shared_borrowing_source
إسفنج,ʔisfanj,ספג,safág,shared_borrowing_source
إسفنج,ʔisfanj,ספוג,sfog,shared_borrowing_source
إسكدنيا,ʔiskidunyā,שסק,shések,direct_cognate_he→ar
إسكندر,ʔiskandar,אלכסנדר,aleksánder,shared_borrowing_source
إصبع,ʔiṣbaʕ,אצבע,étsba,shared_proto_semitic_root
إصطبل,ʔiṣṭabl,אצטדיון,itstadyón,shared_borrowing_source
إطرية,ʔiṭriya,אטריה,itriyá,shared_borrowing_source
إل,ʔill,אל,el,direct_cognate_he→ar;shared_proto_semitic_root
إل,ʔill,אלוה,elóah,shared_proto_semitic_root
إلا,ʔillā,אלא,elá,direct_cognate_ar→he;direct_cognate_he→ar
إلاهة,ʔilāha,א־ל,ʾ-l,shared_proto_semitic_root
إله,ʔilāh,אל,el,shared_proto_semitic_root
إله,ʔilāh,אלוה,elóah,direct_cognate_he→ar;shared_proto_semitic_root;shared_borrowing_source
إلى,ʔilā,אל,el,direct_cognate_he→ar;shared_proto_semitic_root
إن,ʔin,אין,en,direct_cognate_ar→he;direct_cognate_he→ar
إن,ʔin,אם,em,shared_proto_semitic_root
إن,ʔin,הנה,héna,direct_cognate_ar→he;direct_cognate_he→ar
إناء,ʔināʔ,אונייה,oniyá,direct_cognate_he→ar
إناء,ʔināʔ,אניה,ʾŏnīyá,direct_cognate_ar→he
إناء,ʔināʔ,דוד,dod,shared_proto_semitic_root
إناء,ʔināʔ,ידה,yadá,shared_proto_semitic_root
إناء,ʔināʔ,ירה,yará,shared_proto_semitic_root
إناء,ʔināʔ,כבד,kavéd,shared_proto_semitic_root
إناء,ʔināʔ,כיפר,kipér,shared_proto_semitic_root
إناء,ʔināʔ,כרוב,kruv,shared_proto_semitic_root
إناء,ʔināʔ,מחסנית,makhsanít,shared_proto_semitic_root
إناء,ʔināʔ,צלחת,tsalákhat,shared_proto_semitic_root
إنسان,ʔinsān,אנוש,enósh,shared_proto_semitic_root
إوز,ʔiwazz,אווז,aváz,direct_cognate_ar→he;direct_cognate_he→ar
إيدز,ʔīdz,איידס,éyds,shared_borrowing_source
ابن,ibn,ב־ן,b-n,shared_proto_semitic_root
ابن,ibn,בן,bén,shared_proto_semitic_root
ات,-āt,־ות,-út,direct_cognate_he→ar
اثنان,iṯnān,שניים,sh'náyim,shared_proto_semitic_root
است,ist,שת,shat,direct_cognate_ar→he;direct_cognate_he→ar
استحيا,istaḥyā,השתחוה,hishtakhavá,direct_cognate_ar→he
اسم,ism,שם,shem,direct_cognate_ar→he;direct_cognate_he→ar;shared_proto_semitic_root
اعتمل,iʕtamala,התעמל,hitamél,direct_cognate_he→ar
اقتنى,iqtanā,קנה,kaná,direct_cognate_ar→he
ال,al-,אל,el,direct_cognate_ar→he
ال,al-,ה־,ha-,direct_cognate_he→ar
الأردن,al-ʔurdun,ירדן,hayardén,direct_cognate_ar→he
الإسكندر,al-ʔiskandar,אלכסנדר,aleksánder,shared_borrowing_source
الرب,ar-rabb,רב,ráv,direct_cognate_ar→he
الرحمن,ar-raḥmān,הרחמן,haraḥaman,direct_cognate_he→ar
السلام عليكم,as-salāmu ʕalaykum,שלום עליכם,shalóm alekhém,direct_cognate_ar→he;direct_cognate_he→ar
الشام,aš-šām,שמאל,s'mól,direct_cognate_ar→he
الصين,aṣ-ṣīn,סין,sin,shared_borrowing_source
الفاسخ,al-fāsiḵ,פסח,pasákh,direct_cognate_ar→he
الفرات,al-furāt,פרת,p'rát,direct_cognate_he→ar;shared_borrowing_source
القرم,al-qirim,קרים,krim,shared_borrowing_source
الله,allāh,א־ל,ʾ-l,shared_proto_semitic_root;shared_borrowing_source
الله,allāh,אלוה,elóah,direct_cognate_ar→he
المشتري,al-muštarī,ישר,yashár,direct_cognate_ar→he
الهند,al-hind,הודו,hódu,shared_borrowing_source
اليابان,al-yābān,יפן,yapán,shared_borrowing_source
امرأة,imraʔa,נשים,nashím,direct_cognate_ar→he
ان,-ān,־ון,-on,direct_cognate_he→ar
ان,-ān,־ן,-án,direct_cognate_ar→he;direct_cognate_he→ar
انتقام,intiqām,נקמה,nekamá,direct_cognate_ar→he;direct_cognate_he→ar
انتقم,intaqama,נקם,nakám,direct_cognate_he→ar
بئر,biʔr,באר,be'ér,shared_proto_semitic_root
باء,bāʔa,בא,ba,direct_cognate_ar→he;direct_cognate_he→ar
بابل,bābil,בבל,bavél,shared_borrowing_source
بابونج,bābūnaj,בבונג,babonág,shared_borrowing_source
باد,bāda,אבד,avád,direct_cognate_ar→he
بار,bāra,באר,be'ér,shared_borrowing_source
بار,bāra,בר,bar,shared_borrowing_source
بارك,bāraka,בירך,berékh,direct_cognate_he→ar
بارك,bāraka,ברך,bérekh,direct_cognate_ar→he
باز,bāz,בז,baz,direct_cognate_ar→he
باسور,bāsūr,בוסר,bóser,direct_cognate_ar→he
باطية,bāṭiya,בת,bat,direct_cognate_he→ar
بالون,bālūn,בלון,balón,shared_borrowing_source
باي,bāy,ביי,báy,direct_cognate_he→ar
بتول,batūl,בתול,batúl,direct_cognate_he→ar
بتول,batūl,בתולה,betulá,direct_cognate_ar→he;direct_cognate_he→ar;shared_proto_semitic_root
بثن,baṯan,פתן,péten,shared_proto_semitic_root
بحث,baḥaṯa,בחש,bakhásh,direct_cognate_ar→he
بحران,buḥrān,בחר,bakhár,direct_cognate_ar→he
بدل,badala,בדל,b'dál,direct_cognate_ar→he;direct_cognate_he→ar
بدل,badala,הבדיל,hivdíl,direct_cognate_he→ar
بر,barr,בר,bar,direct_cognate_ar→he;direct_cognate_he→ar;shared_proto_semitic_root
برأ,baraʔa,ברא,bará,direct_cognate_he→ar
براغ,brāḡ,פראג,prag,shared_borrowing_source
برح,bariḥa,ברח,barákh,direct_cognate_ar→he;direct_cognate_he→ar
برد,barada,ברד,barád,direct_cognate_ar→he;direct_cognate_he→ar
برشلونة,baršalūna,ברצלונה,bartselóna,shared_borrowing_source
برغش,barḡaš,פרעוש,par'ósh,shared_proto_semitic_root
برغوث,burḡūṯ,פרעוש,par'ósh,shared_proto_semitic_root
برغي,burḡiyy,בורג,bóreg,shared_borrowing_source
برق,baraqa,ברק,barák,shared_proto_semitic_root
برك,baraka,ברך,bérekh,shared_proto_semitic_root
بركة,baraka,בריכה,brekhá,direct_cognate_ar→he
بركة,baraka,ברכה,b'rakhá,direct_cognate_he→ar
بريطانيا,birīṭāniyā,בריטניה,británya,shared_borrowing_source
بز,bazz,דד,dád,direct_cognate_ar→he
بز,bazz,זיז,ziz,direct_cognate_ar→he
بز,bazz,שבטבט,shvatbat,shared_borrowing_source
بستو,pestō,פסטו,pésto,shared_borrowing_source
بسر,basara,בוסר,bóser,direct_cognate_ar→he
بسطن,basaṭna,בוסטון,bóston,shared_borrowing_source
بسيط,basīṭ,פשוט,pashút,direct_cognate_ar→he
بشارة,bišāra,בשורה,b'sorá,direct_cognate_ar→he
بشام,bašām,בושם,bósem,direct_cognate_he→ar
بشر,bašar,בישר,bisér,direct_cognate_ar→he;direct_cognate_he→ar
بشر,bašar,בשר,basár,direct_cognate_he→ar
بصل,baṣal,בצל,batsál,direct_cognate_ar→he;direct_cognate_he→ar
بضع,biḍʕ,בצע,bétsa,direct_cognate_he→ar
بطاطا,baṭāṭā,בטטה,batáta,direct_cognate_he→ar;shared_borrowing_source
بطاطس,baṭāṭis,בטטה,batáta,shared_borrowing_source
بطل,baṭal,בטל,batál,shared_proto_semitic_root
بطم,buṭm,בוטן,bóten,direct_cognate_ar→he
بطن,baṭn,בטן,béten,direct_cognate_ar→he;direct_cognate_he→ar
بطيخ,biṭṭīḵ,אבטיח,avatíakh,direct_cognate_ar→he;direct_cognate_he→ar
بطيخ,biṭṭīḵ,רימון,rimón,direct_cognate_ar→he
بعر,baʕara,בער,ba'ár,direct_cognate_ar→he
بعل,baʕl,בעל,bá'al,shared_proto_semitic_root
بعير,baʕīr,בעיר,ba'ír,direct_cognate_ar→he;direct_cognate_he→ar;shared_proto_semitic_root
بق,baqqa,יבוק,Yabók,direct_cognate_he→ar
بقر,baqar,בקר,baqár,direct_cognate_ar→he;direct_cognate_he→ar
بقرة,baqara,בקר,baqár,direct_cognate_ar→he
بكاء,bukāʔ,בכי,békhi,direct_cognate_he→ar
بكر,bakara,בכור,b'khór,direct_cognate_ar→he;direct_cognate_he→ar
بكى,bakā,בכה,bakhá,direct_cognate_ar→he;direct_cognate_he→ar
بلا,balā,בלא,b'ló,direct_cognate_he→ar
بلاتين,balātīn,פלטינה,platína,shared_borrowing_source
بلاستيك,blastīk,פלסטיק,plástik,shared_borrowing_source
بلبل,bulbul,בלבל,bilbél,direct_cognate_he→ar
بلع,balaʕa,בלע,balá,direct_cognate_ar→he;direct_cognate_he→ar
بلوتو,blūtū,פלוטו,plúto,shared_borrowing_source
بلوط,ballūṭ,בלוט,balút,direct_cognate_he→ar
بلي,baliya,בלה,balá,direct_cognate_ar→he;direct_cognate_he→ar
بن,bn,ב־ן,b-n,shared_proto_semitic_root
بن,bn,בן,bén,direct_cognate_ar→he;shared_proto_semitic_root
بناء,bināʔ,בנייה,bəniyyɔ̂,direct_cognate_ar→he
بنت,bint,בת,bat,direct_cognate_ar→he;shared_proto_semitic_root
بنك,bank,בנק,bánk,shared_borrowing_source
بنى,banā,בנה,baná,direct_cognate_ar→he;direct_cognate_he→ar;shared_proto_semitic_root
بنيان,bunyān,בניין,binyɔn,direct_cognate_he→ar
بهر,bahara,בהיר,bahír,direct_cognate_ar→he
بهيمة,bahīma,בהמה,behemá,direct_cognate_he→ar
بوسطن,bōsṭon,בוסטון,bóston,shared_borrowing_source
بوص,būṣ,בוץ,bots,shared_proto_semitic_root
بوص,būṣ,שבטבט,shvatbat,shared_proto_semitic_root
بوصير,būṣīr,בוץ,bots,shared_proto_semitic_root
بوصير,būṣīr,שבטבט,shvatbat,shared_proto_semitic_root;shared_borrowing_source
بوط,būṭ,בוס,bós,shared_borrowing_source
بوط,būṭ,בוץ,bots,direct_cognate_he→ar
بولاد,būlād,פלדה,pladá,shared_borrowing_source
بيت,bayt,בית,báyit,direct_cognate_he→ar;shared_proto_semitic_root
بيت المقدس,bayt al-maqdis,בית המקדש,béit-hamikdásh,direct_cognate_ar→he;direct_cognate_he→ar
بيرة,bīra,בירה,birá,direct_cognate_he→ar
بيرقراطية,bīruqrāṭiyya,בירוקרטיה,berokrátya,shared_borrowing_source
بيض,bayḍ,אבץ,avátz,direct_cognate_he→ar
بيض,bayḍ,ביצה,betsá,direct_cognate_ar→he;direct_cognate_he→ar
بيقية,bīqiyya,דיוקן,d'yokán,shared_borrowing_source
بيلسان,baylasān,אפרסמון,afarsemón,shared_borrowing_source
بيلسان,baylasān,ברוש,brósh,shared_borrowing_source
بيلسان,baylasān,בשם,bósem,direct_cognate_ar→he
بين,bayna,בין,ben,direct_cognate_ar→he;direct_cognate_he→ar
تابوت,tābūt,תיבה,tevá,direct_cognate_ar→he;direct_cognate_he→ar;shared_borrowing_source
تارة,tāra,דור,dor,direct_cognate_ar→he
تارة,tāra,טור,túr,direct_cognate_ar→he
تارة,tāra,תור,tór,direct_cognate_ar→he
تاريخ,tārīḵ,ירח,yaréakh,shared_proto_semitic_root
تاريخ,tārīḵ,תאריך,ta'aríkh,shared_proto_semitic_root
تبريز,tabrīz,תבריז,tabriz,shared_borrowing_source
تبن,tabannin,תבן,téven,direct_cognate_ar→he;direct_cognate_he→ar
تحت,taḥtu,תחת,tákhat,direct_cognate_ar→he;direct_cognate_he→ar
تدمر,tadmur,תדמור,Tadmór,direct_cognate_ar→he;direct_cognate_he→ar
تر,turr,תור,tór,direct_cognate_ar→he
ترانزستور,tranzistur,טרנזיסטור,tranzístor,shared_borrowing_source
ترجم,tarjama,תרגם,tirgém,direct_cognate_ar→he;direct_cognate_he→ar
ترجمان,turjumān,תורגמן,turg'mán,direct_cognate_he→ar
ترجمان,turjumān,תרגמן,turg'mán,direct_cognate_ar→he
ترس,turs,תריס,tris,shared_borrowing_source
ترسة,tirsa,תריס,tris,shared_borrowing_source
ترنج,turunj,אתרוג,etróg,direct_cognate_he→ar;shared_borrowing_source
تسار,tsār,צאר,tsár,shared_borrowing_source
تسار,tsār,קיסר,kesár,shared_borrowing_source
تسعون,tisʕūn,תשעים,tišʻīm,direct_cognate_he→ar
تفاح,tuffāḥ,תפוח,tapúakh,direct_cognate_he→ar
تقن,tiqn,תיקון,tikún,direct_cognate_he→ar
تقن,tiqn,תקן,téken,direct_cognate_ar→he;direct_cognate_he→ar
تل,tall,תל,tél,shared_proto_semitic_root
تلغراف,tiliḡrāf,טלגרף,télegraf,shared_borrowing_source
تلفاز,tilfāz,טלוויזיה,televízya,shared_borrowing_source
تلفزيون,tilifizyūn,טלוויזיה,televízya,shared_borrowing_source
تلفون,tilifūn,טלפון,télefon,shared_borrowing_source
تلميذ,tilmīḏ,תלמיד,talmíd,shared_borrowing_source
تم,tamma,תום,tom,direct_cognate_he→ar
تم,tamma,תם,tám,direct_cognate_ar→he;direct_cognate_he→ar
تمام,tamām,תמים,tamím,direct_cognate_ar→he;direct_cognate_he→ar
تمر,tamr,תמר,tamár,shared_borrowing_source
تمرد,tamarrada,מרד,méred,direct_cognate_he→ar;shared_proto_semitic_root
تمرد,tamarrada,מרדנות,,direct_cognate_ar→he;direct_cognate_he→ar;shared_proto_semitic_root
تمساح,timsāḥ,תמסח,timsakh,shared_borrowing_source
تملأ,tamallaʔa,התמלא,hitmalé,direct_cognate_ar→he
تموز,tammūz,תמוז,tamúz,shared_borrowing_source
تنور,tanawwara,תנור,tanúr,direct_cognate_ar→he;direct_cognate_he→ar;shared_borrowing_source
تهامة,tihāma,תהום,t'hóm,shared_proto_semitic_root
توأم,tawʔam,תאום,te'óm,direct_cognate_ar→he;direct_cognate_he→ar
توكل,tawakkala,יכול,yakhól,direct_cognate_ar→he;shared_proto_semitic_root
تيار,tayyār,תואר,to'ár,direct_cognate_ar→he
تيس,tays,תיש,táyish,direct_cognate_he→ar
تين,tīn,תאנה,te'ená,direct_cognate_he→ar;shared_proto_semitic_root
ثاب,ṯāba,שב,sháv,direct_cognate_he→ar
ثانية,ṯāniya,שניה,sh'niyá,direct_cognate_he→ar
ثبر,ṯabara,שבר,shéver,direct_cognate_he→ar;shared_proto_semitic_root
ثداء,ṯuddāʔ,דשא,déshe,shared_proto_semitic_root
ثدي,ṯady,שד,shad,direct_cognate_ar→he;direct_cognate_he→ar;shared_proto_semitic_root
ثريد,ṯarīd,אטריה,itriyá,shared_borrowing_source
ثعلب,ṯaʕlab,שועל,shu'ál,direct_cognate_ar→he;direct_cognate_he→ar;shared_proto_semitic_root
ثقل,ṯaqula,שקל,shakál,direct_cognate_ar→he;direct_cognate_he→ar;shared_proto_semitic_root
ثلاثة,ṯalāṯa,שלוש,shalósh,shared_proto_semitic_root
ثلاثة,ṯalāṯa,שלושה,sh'loshá,shared_proto_semitic_root
ثلج,ṯalj,שלג,shéleg,direct_cognate_he→ar;shared_proto_semitic_root
ثلم,ṯalm,תלם,télem,direct_cognate_ar→he;direct_cognate_he→ar
ثم,ṯumma,שם,shem,direct_cognate_ar→he;direct_cognate_he→ar
ثم,ṯumma,שמה,sháma,direct_cognate_he→ar
ثمانية,ṯamāniya,שמונה,sh'moná,shared_proto_semitic_root
ثمر,ṯamar,תמר,tamár,direct_cognate_he→ar
ثنى,ṯanā,שנה,shaná,direct_cognate_he→ar
ثور,ṯawr,שור,shor,direct_cognate_he→ar;shared_proto_semitic_root
ثوم,ṯūm,שום,sum,direct_cognate_he→ar;shared_proto_semitic_root
جار,jāra,גר,gér,direct_cognate_ar→he
جاع,jāʕa,גווע,gavá,direct_cognate_ar→he;direct_cognate_he→ar
جال,jāla,גל,gál,direct_cognate_ar→he
جالوت,jālūt,גולית,golyát,shared_borrowing_source
جب,jubb,גב,gav,direct_cognate_he→ar
جبار,jabbār,גיבור,gibór,direct_cognate_he→ar
جبن,jubn,גבינה,g'viná,direct_cognate_ar→he;direct_cognate_he→ar
جبهة,jabha,גבה,gabá,direct_cognate_he→ar
جبى,jabā,גבה,gabá,direct_cognate_ar→he
جثة,juṯṯa,גוף,guf,direct_cognate_ar→he
جحفل,jaḥfal,גוף,guf,direct_cognate_ar→he
جد,jadda,גד,gad,direct_cognate_ar→he;direct_cognate_he→ar
جدار,jidār,גדר,gadér,direct_cognate_ar→he
جدة,jadda,גדה,gadá,direct_cognate_he→ar
جدف,jadafa,גידף,gidéf,direct_cognate_he→ar
جدي,jiddiyy,גדי,gdí,direct_cognate_he→ar
جديرة,jadīra,גדרה,g'derá,direct_cognate_he→ar
جذر,jaḏara,גזר,gézer,direct_cognate_ar→he
جذع,jaḏḏaʕa,גזע,géza',direct_cognate_ar→he;direct_cognate_he→ar
جر,jarra,גרר,garár,direct_cognate_ar→he
جرف,jarafa,אגרוף,egróf,direct_cognate_he→ar
جرف,jarafa,גרף,gráf,direct_cognate_ar→he
جرن,jurn,גורן,góren,direct_cognate_he→ar
جرو,jarw,גור,gur,direct_cognate_ar→he
جزر,jazar,גזר,gézer,shared_borrowing_source
جزين,jazayna,גנז,ganáz,shared_borrowing_source
جزين,jazayna,גנזים,g'nazím,shared_borrowing_source
جزين,jazayna,גניזה,g'nizá,shared_borrowing_source
جسر,jisr,גשר,gésher,direct_cognate_ar→he
جسم,jasuma,גשם,géshem,direct_cognate_he→ar
جعبة,jaʕba,גביע,gavía,direct_cognate_ar→he
جفن,jafn,גפן,géfen,direct_cognate_ar→he
جفنة,jafna,גפן,géfen,direct_cognate_ar→he
جل,jall,גל,gál,direct_cognate_ar→he
جلاء,jalāʔ,גלות,galút,direct_cognate_he→ar
جلد,jild,גלד,géled,direct_cognate_ar→he;direct_cognate_he→ar;shared_proto_semitic_root
جلس,jalasa,גלש,galásh,direct_cognate_ar→he;direct_cognate_he→ar
جلي,jaliyy,גלוי,galúi,direct_cognate_ar→he;direct_cognate_he→ar
جليات,julyāt,גולית,golyát,shared_borrowing_source
جمجمة,jumjuma,גולגולת,gulgólet,direct_cognate_ar→he;direct_cognate_he→ar
جمر,jamr,גמר,gamár,direct_cognate_he→ar
جمل,jamala,גמל,gamál,direct_cognate_he→ar
جن,janna,גנן,ganán,direct_cognate_ar→he
جنب,janaba,גנב,ganáv,direct_cognate_he→ar
جنب,janaba,דוד,dod,shared_proto_semitic_root
جنب,janaba,ידה,yadá,shared_proto_semitic_root
جنب,janaba,ירה,yará,shared_proto_semitic_root
جنب,janaba,כבד,kavéd,shared_proto_semitic_root
جنب,janaba,כיפר,kipér,shared_proto_semitic_root
جنب,janaba,כרוב,kruv,shared_proto_semitic_root
جنب,janaba,מחסנית,makhsanít,shared_proto_semitic_root
جنب,janaba,צלחת,tsalákhat,shared_proto_semitic_root
جنة,janna,גן,gan,direct_cognate_ar→he;direct_cognate_he→ar
جنح,junḥ,גחן,gakhán,direct_cognate_he→ar
جنرال,jinirāl,גנרל,generál,shared_borrowing_source
جو,jaww,גו,go,direct_cognate_he→ar
جوت,jūt,יוטה,yúta,shared_borrowing_source
جورب,jawrab,גרב,gérev,direct_cognate_ar→he
جوف,jawf,גוף,guf,direct_cognate_ar→he;direct_cognate_he→ar
جولف,,גולף,,shared_borrowing_source
جير,jīr,גיר,gir,shared_borrowing_source
جيش,jayš,גיס,gís,direct_cognate_ar→he
جيل,jīl,גיל,gíl,direct_cognate_he→ar
جين,jīn,גן,gan,shared_borrowing_source
جينز,jīnz,ג׳ינס,jins,shared_borrowing_source
حاج,ḥājj,הגה,hége,shared_borrowing_source
حاد,ḥādd,חד,khad-,direct_cognate_ar→he;direct_cognate_he→ar
حار,ḥārr,חריף,kharíf,direct_cognate_ar→he
حارود,ḥārūd,חולד,khóled,direct_cognate_ar→he
حافة,ḥāfa,חוף,khof,direct_cognate_he→ar
حامض,ḥāmiḍ,חומץ,khómets,shared_proto_semitic_root
حامض,ḥāmiḍ,חמץ,khaméts,direct_cognate_he→ar
حانوت,ḥānūt,חנות,khanút,direct_cognate_ar→he;shared_borrowing_source
حبس,ḥabasa,חבש,khavásh,direct_cognate_ar→he
حبل,ḥabl,חבל,khével,direct_cognate_he→ar;shared_proto_semitic_root
حبيب,ḥabīb,חביב,khavív,direct_cognate_ar→he;direct_cognate_he→ar
حتى,ḥattā,עד,ad,direct_cognate_ar→he
حج,ḥajja,חג,khág,direct_cognate_ar→he;direct_cognate_he→ar
حج,ḥajja,חוק,khók,direct_cognate_ar→he
حجر,ḥajara,חגור,khagór,direct_cognate_he→ar
حدث,ḥadaṯa,חדש,khadásh,shared_proto_semitic_root
حدث,ḥadaṯa,חידש,khidésh,shared_proto_semitic_root
حديث,ḥadīṯ,חדש,khadásh,direct_cognate_ar→he;direct_cognate_he→ar
حر,ḥurr,חור,khór,direct_cognate_he→ar
حرام,ḥarām,חרם,khérem,direct_cognate_ar→he
حرث,ḥaraṯa,חרש,kharásh,direct_cognate_ar→he;direct_cognate_he→ar
حرش,ḥaraša,חורש,ḥóresh,direct_cognate_he→ar
حرم,ḥaruma,חרם,khérem,direct_cognate_ar→he
حرمل,ḥarmal,אלמן,almán,direct_cognate_ar→he
حريش,ḥarīš,חורש,ḥóresh,direct_cognate_ar→he;direct_cognate_he→ar
حريف,ḥirrīf,חרב,khérev,shared_proto_semitic_root
حريف,ḥirrīf,חריף,kharíf,direct_cognate_ar→he;direct_cognate_he→ar
حزام,ḥizām,מזח,mézakh,direct_cognate_he→ar
حزام,ḥizām,מזיח,mezíakh,direct_cognate_he→ar
حزر,ḥazara,דוד,dod,shared_proto_semitic_root
حزر,ḥazara,ידה,yadá,shared_proto_semitic_root
حزر,ḥazara,ירה,yará,shared_proto_semitic_root
حزر,ḥazara,כבד,kavéd,shared_proto_semitic_root
حزر,ḥazara,כיפר,kipér,shared_proto_semitic_root
حزر,ḥazara,כרוב,kruv,shared_proto_semitic_root
حزر,ḥazara,מחסנית,makhsanít,shared_proto_semitic_root
حزر,ḥazara,צלחת,tsalákhat,shared_proto_semitic_root
حس,ḥassa,חש,khásh,direct_cognate_ar→he;direct_cognate_he→ar
حسب,ḥasaba,חשב,khasháv,direct_cognate_ar→he;direct_cognate_he→ar
حسبان,ḥisbān,חשבון,kheshbón,direct_cognate_he→ar
حسد,ḥasada,חסד,khésed,direct_cognate_ar→he
حسنة,ḥasana,חוסן,khósen,direct_cognate_ar→he
حصب,ḥaṣaba,חצב,khatsáv,direct_cognate_ar→he
حصبة,ḥaṣba,חצבת,khatsévet,direct_cognate_ar→he;direct_cognate_he→ar
حصة,ḥiṣṣa,חצי,khatsí,direct_cognate_ar→he
حصرم,ḥiṣrim,חריץ,ḥārī́ṣ,direct_cognate_ar→he
حصرم,ḥiṣrim,חרצן,ḥarṣā́n,direct_cognate_ar→he;direct_cognate_he→ar
حضرموت,ḥaḍramawt,חצרמות,ḥăṣarmāweṯ,direct_cognate_he→ar;shared_borrowing_source
حظوة,ḥuẓwa,חץ,khets,direct_cognate_he→ar
حفر,ḥafara,חפר,khafár,direct_cognate_he→ar;shared_proto_semitic_root
حفظ,ḥafiẓa,חפץ,ḥéfets,direct_cognate_he→ar
حق,ḥaqqa,חוק,khók,direct_cognate_ar→he;direct_cognate_he→ar
حق,ḥaqqa,חקק,khakák,direct_cognate_he→ar
حكا,ḥakā,חיקה,khiká,direct_cognate_ar→he;direct_cognate_he→ar
حكمة,ḥikma,חוכמה,khokhmá,direct_cognate_he→ar
حكمة,ḥikma,חכמה,khokhmá,direct_cognate_ar→he;direct_cognate_he→ar
حكيم,ḥakīm,חכם,khakhám,direct_cognate_ar→he;direct_cognate_he→ar
حل,ḥalla,חל,khal,direct_cognate_ar→he;direct_cognate_he→ar
حلب,ḥalab,חלב,khaláv,direct_cognate_ar→he
حلبة,ḥulba,חלבה,khálva,direct_cognate_ar→he
حلزون,ḥalazūn,חלזון,khilazón,direct_cognate_he→ar;shared_borrowing_source
حلل,ḥallala,חלילה,khalíla,direct_cognate_he→ar
حلم,ḥalama,חלום,khalóm,direct_cognate_ar→he;direct_cognate_he→ar
حلم,ḥalama,חלם,khalám,direct_cognate_he→ar
حليب,ḥalīb,חלב,khaláv,direct_cognate_he→ar
حم,ḥamma,חם,kham,direct_cognate_ar→he;shared_proto_semitic_root
حمار,ḥimār,חמור,khamór,direct_cognate_he→ar;shared_proto_semitic_root
حمام,ḥammām,יונה,yoná,shared_proto_semitic_root
حمة,ḥuma,חמה,khamá,direct_cognate_he→ar
حمص,ḥammaṣa,חימצה,khimtsá,direct_cognate_ar→he;direct_cognate_he→ar
حمض,ḥamḍ,דוד,dod,shared_proto_semitic_root
حمض,ḥamḍ,חמוץ,khamútz,direct_cognate_he→ar
حمض,ḥamḍ,ידה,yadá,shared_proto_semitic_root
حمض,ḥamḍ,ירה,yará,shared_proto_semitic_root
حمض,ḥamḍ,כבד,kavéd,shared_proto_semitic_root
حمض,ḥamḍ,כיפר,kipér,shared_proto_semitic_root
حمض,ḥamḍ,כרוב,kruv,shared_proto_semitic_root
حمض,ḥamḍ,מחסנית,makhsanít,shared_proto_semitic_root
حمض,ḥamḍ,צלחת,tsalákhat,shared_proto_semitic_root
حميم,ḥamīm,חם,kham,direct_cognate_he→ar
حميم,ḥamīm,חמה,khamá,direct_cognate_he→ar
حنا,ḥanā,חנה,ḥaná,direct_cognate_ar→he
حنبل,ḥanbal,חבל,khével,shared_proto_semitic_root
حندقوق,ḥandaqūq,הודו,hódu,shared_borrowing_source
حنش,ḥanaš,נחש,nakhásh,direct_cognate_he→ar;shared_proto_semitic_root
حنطة,ḥinṭa,חיטה,khitá,direct_cognate_ar→he;direct_cognate_he→ar
حنك,ḥanak,חך,khékh,direct_cognate_ar→he;direct_cognate_he→ar
حنون,ḥanūn,חנון,khanún,direct_cognate_ar→he;direct_cognate_he→ar
حول,ḥawl,חיל,kháyil,direct_cognate_ar→he;direct_cognate_he→ar
حي,ḥayya,חי,kháy,direct_cognate_ar→he
حياة,ḥayāh,חיים,khayím,direct_cognate_he→ar
حيل,ḥayl,חיל,kháyil,direct_cognate_he→ar
حيوان,ḥayawān,חיה,khayá,direct_cognate_ar→he;direct_cognate_he→ar
حيي,ḥayiya,חוה,khavá,shared_proto_semitic_root
حيي,ḥayiya,חי,kháy,direct_cognate_ar→he;shared_proto_semitic_root
خابية,ḵābiya,חבית,khavít,direct_cognate_ar→he;direct_cognate_he→ar;shared_borrowing_source
خبأ,ḵabaʔa,חבוי,khavúy,direct_cognate_he→ar
ختم,ḵatama,חתם,ḥɔṯam,direct_cognate_ar→he
ختن,ḵatana,חתן,khatán,direct_cognate_he→ar
خدر,ḵadira,חדר,khéder,direct_cognate_ar→he;direct_cognate_he→ar
خراب,ḵarāb,חורבן,khurbán,direct_cognate_he→ar
خرب,ḵaraba,דוד,dod,shared_proto_semitic_root
خرب,ḵaraba,חרב,khérev,direct_cognate_ar→he;direct_cognate_he→ar
خرب,ḵaraba,ידה,yadá,shared_proto_semitic_root
خرب,ḵaraba,ירה,yará,shared_proto_semitic_root
خرب,ḵaraba,כבד,kavéd,shared_proto_semitic_root
خرب,ḵaraba,כיפר,kipér,shared_proto_semitic_root
خرب,ḵaraba,כרוב,kruv,shared_proto_semitic_root
خرب,ḵaraba,מחסנית,makhsanít,shared_proto_semitic_root
خرب,ḵaraba,צלחת,tsalákhat,shared_proto_semitic_root
خربة,ḵirba,חרבה,khorbáh,direct_cognate_he→ar
خردل,ḵardal,חרדל,khardál,direct_cognate_ar→he;direct_cognate_he→ar
خردل,ḵardal,חרש,kharásh,shared_proto_semitic_root
خرس,ḵarisa,חרש,kharásh,direct_cognate_he→ar
خرشوف,ḵuršūf,ארטישוק,artishók,shared_borrowing_source
خرشوف,ḵuršūf,חורשף,khursháf,direct_cognate_he→ar
خرشوف,ḵuršūf,חרשף,khursháf,direct_cognate_he→ar
خرط,ḵaraṭa,חירטט,khirtét,direct_cognate_he→ar
خرطال,ḵarṭāl,אגרטל,agartál,shared_borrowing_source
خرطوش,ḵarṭūš,כרטיס,kartís,shared_borrowing_source
خرطوم,ḵurṭūm,חרטום,khartóm,direct_cognate_ar→he;direct_cognate_he→ar
خروب,ḵarrūb,חרוב,kharúv,direct_cognate_he→ar
خريطة,ḵarīṭa,כרטיס,kartís,shared_borrowing_source
خريف,ḵarīf,חורף,khóref,direct_cognate_ar→he;direct_cognate_he→ar
خزف,ḵazaf,חרס,khéres,direct_cognate_he→ar
خزينة,ḵazīna,גנז,ganáz,shared_borrowing_source
خزينة,ḵazīna,גנזים,g'nazím,shared_borrowing_source
خزينة,ḵazīna,גניזה,g'nizá,shared_borrowing_source
خس,ḵassa,חסה,khása,direct_cognate_ar→he;direct_cognate_he→ar;shared_borrowing_source
خسارة,ḵasāra,חיסרון,khisarón,direct_cognate_he→ar
خسارة,ḵasāra,חסרון,khisarón,direct_cognate_he→ar
خسر,ḵasira,חסר,khasér,direct_cognate_ar→he;direct_cognate_he→ar
خشايارشا,ḵšāyāršā,אחשורוש,Akhashverósh,shared_borrowing_source
خشايارشا,ḵšāyāršā,חשיארש,kh'shayársha,shared_borrowing_source
خشن,ḵašuna,אשון,ashún,direct_cognate_he→ar
خشن,ḵašuna,חסון,khasón,direct_cognate_he→ar
خطء,ḵiṭʔ,חטא,khatá,direct_cognate_ar→he
خطأ,ḵaṭaʔ,חטא,khatá,direct_cognate_ar→he
خطئ,ḵaṭiʔa,חטא,khatá,direct_cognate_ar→he;direct_cognate_he→ar
خطاب,ḵiṭāb,מכתב,mikhtáv,direct_cognate_ar→he
خطر,ḵaṭar,חוטר,khóter,direct_cognate_he→ar
خطف,ḵaṭifa,חטף,chatáf,direct_cognate_ar→he;direct_cognate_he→ar
خطم,ḵaṭama,חטם,khótem,direct_cognate_ar→he
خطمي,ḵiṭmiyy,חלמית,khelmít,direct_cognate_ar→he
خفر,ḵafara,חפר,khafár,direct_cognate_he→ar;shared_proto_semitic_root
خل,ḵall,חלון,khalón,direct_cognate_he→ar
خل,ḵall,חלילה,khalíla,direct_cognate_he→ar
خلال,ḵilāla,חלל,khalál,direct_cognate_he→ar
خلد,ḵalada,חולד,khóled,direct_cognate_ar→he;direct_cognate_he→ar
خلد,ḵalada,חלד,khéled,direct_cognate_ar→he;direct_cognate_he→ar
خلد,ḵalada,חלל,khalál,direct_cognate_ar→he
خلف,ḵalfa,חלף,khaláf,direct_cognate_he→ar;shared_proto_semitic_root
خمر,ḵamara,חמר,khémer,direct_cognate_he→ar
خمس,ḵams,חמישה,khamishá,shared_proto_semitic_root
خمس,ḵams,חמש,khamésh,shared_proto_semitic_root
خمسة,ḵamsa,חמישה,khamishá,shared_proto_semitic_root
خمسة,ḵamsa,חמש,khamésh,shared_proto_semitic_root
خنزير,ḵinzīr,חזיר,khazír,direct_cognate_ar→he;direct_cognate_he→ar
خنق,ḵanaqa,חנק,khanák,direct_cognate_ar→he;direct_cognate_he→ar
خوخ,ḵawḵ,חוח,khóakh,direct_cognate_ar→he;direct_cognate_he→ar
خوخة,ḵawḵa,חוח,khóakh,direct_cognate_he→ar
خور,ḵawira,חור,khór,direct_cognate_ar→he
خيزران,ḵayzurān,חזר,chazár,direct_cognate_ar→he
خيزران,ḵayzurān,חזרן,khizran,direct_cognate_he→ar
دار,dārr,דירה,dirá,direct_cognate_he→ar
دارصيني,dārṣīniyy,סין,sin,shared_borrowing_source
دان,dāna,דן,dan,direct_cognate_ar→he
دب,dabba,דוב,dov,direct_cognate_ar→he;shared_proto_semitic_root
دبر,dabara,דבר,davár,direct_cognate_ar→he
دبس,dibs,דבש,dvash,direct_cognate_he→ar;shared_proto_semitic_root
دبش,dabaš,דבשת,dabéshet,direct_cognate_he→ar
دبق,dabiqa,דבק,dévek,direct_cognate_ar→he;direct_cognate_he→ar
دبور,dabbūr,דבורה,dvorá,direct_cognate_he→ar;shared_proto_semitic_root
دجلة,dijla,חדקל,khidékel,direct_cognate_ar→he
دجلة,dijla,חידקל,khidékel,direct_cognate_he→ar;shared_borrowing_source
دحا,daḥā,דחה,dakhá,direct_cognate_he→ar
دحر,daḥara,דהר,dahár,direct_cognate_he→ar
دخس,duḵas,תחש,tákhash,direct_cognate_he→ar
دخن,daḵana,דחן,dóchan,direct_cognate_ar→he
دخن,daḵana,טחן,takhán,shared_proto_semitic_root
دربي,darbī,דרבי,dérbi,shared_borrowing_source
درج,daraja,דרג,déreg,direct_cognate_ar→he;direct_cognate_he→ar
درك,darak,דרך,dérekh,direct_cognate_ar→he
دريان,duryan,דוריאן,duri'an,shared_borrowing_source
دعا,daʕā,אלדעה,Elda'a,direct_cognate_he→ar
دعا,daʕā,ידע,yéda,direct_cognate_he→ar
دفتر,daftar,דפתר,diftar,direct_cognate_he→ar;shared_borrowing_source
دقل,daqal,דגל,dégel,direct_cognate_ar→he;direct_cognate_he→ar
دقل,daqal,דקל,dékel,direct_cognate_he→ar
دقيق,daqīq,דק,dak,direct_cognate_ar→he;direct_cognate_he→ar
دقيقة,daqīqa,דקה,daká,direct_cognate_ar→he;direct_cognate_he→ar
دك,dakka,דיכא,diké,direct_cognate_ar→he
دكتاتور,diktātūr,דיקטטור,diktator,direct_cognate_he→ar;shared_borrowing_source
دلاع,dallāʕ,דלעת,dlá'at,direct_cognate_he→ar
دلب,dulb,דולב,dólev,direct_cognate_he→ar
دلو,dalw,דוד,dod,shared_proto_semitic_root
دلو,dalw,דלי,dli,direct_cognate_ar→he;direct_cognate_he→ar
دلو,dalw,ידה,yadá,shared_proto_semitic_root
دلو,dalw,ירה,yará,shared_proto_semitic_root
دلو,dalw,כבד,kavéd,shared_proto_semitic_root
دلو,dalw,כיפר,kipér,shared_proto_semitic_root
دلو,dalw,כרוב,kruv,shared_proto_semitic_root
دلو,dalw,מחסנית,makhsanít,shared_proto_semitic_root
دلو,dalw,צלחת,tsalákhat,shared_proto_semitic_root
دلى,dallā,דלה,dalá,direct_cognate_he→ar
دم,damma,אדם,adám,shared_proto_semitic_root
دم,damma,דם,dam,direct_cognate_he→ar;shared_proto_semitic_root
دمع,damʕ,דמע,damá',direct_cognate_he→ar
دمع,damʕ,דמעה,dim'á,direct_cognate_ar→he;direct_cognate_he→ar
دمعة,damʕa,דמעה,dim'á,direct_cognate_ar→he
دمن,dimn,דומן,dómen,direct_cognate_he→ar
دمية,dumya,אדם,adám,direct_cognate_he→ar
دواة,dawāh,דיו,dyó,direct_cognate_ar→he;direct_cognate_he→ar
دول,dawwala,דול,dol,shared_borrowing_source
ديان,dayyān,דיין,dayán,direct_cognate_he→ar
دين,dīn,דין,din,direct_cognate_ar→he;direct_cognate_he→ar
ذئب,ḏiʔb,זאב,zəʔeḇ,shared_proto_semitic_root
ذا,ḏā,זה,ze,direct_cognate_ar→he;direct_cognate_he→ar;shared_proto_semitic_root
ذباب,ḏubāb,זבוב,zvuv,direct_cognate_ar→he;direct_cognate_he→ar;shared_proto_semitic_root
ذبح,ḏabaḥa,זבח,zavákh,direct_cognate_ar→he
ذراع,ḏirāʕ,זרוע,z'róa',direct_cognate_ar→he;direct_cognate_he→ar
ذقن,ḏaqan,זקן,zakán,direct_cognate_ar→he;direct_cognate_he→ar;shared_proto_semitic_root
ذكر,ḏakara,זכר,zakhár,direct_cognate_ar→he;direct_cognate_he→ar
ذنب,ḏanab,זנב,zanáv,direct_cognate_he→ar;shared_proto_semitic_root
ذهب,ḏahaba,זהב,zaháv,direct_cognate_ar→he;direct_cognate_he→ar
ذو,ḏū,זה,ze,direct_cognate_ar→he
رأس,raʔs,ראש,rosh,direct_cognate_he→ar;shared_proto_semitic_root
رأس السنة,raʔs as-sana,ראש השנה,rosh-hashaná,direct_cognate_he→ar
رأى,raʔā,ראה,ra'á,direct_cognate_he→ar
رئة,riʔa,ראה,ra'á,direct_cognate_ar→he
رئة,riʔa,ריאה,re'á,direct_cognate_he→ar
راع,rāʕin,דוד,dod,shared_proto_semitic_root
راع,rāʕin,ידה,yadá,shared_proto_semitic_root
راع,rāʕin,ירה,yará,shared_proto_semitic_root
راع,rāʕin,כבד,kavéd,shared_proto_semitic_root
راع,rāʕin,כיפר,kipér,shared_proto_semitic_root
راع,rāʕin,כרוב,kruv,shared_proto_semitic_root
راع,rāʕin,מחסנית,makhsanít,shared_proto_semitic_root
راع,rāʕin,צלחת,tsalákhat,shared_proto_semitic_root
راع,rāʕin,רועה,roʕɛ̂,direct_cognate_he→ar
رام,rāma,רם,rám,shared_proto_semitic_root
رب,rabba,רב,ráv,shared_proto_semitic_root
ربا,riban,רבב,r'váv,direct_cognate_ar→he
ربا,riban,ריבית,ribít,direct_cognate_ar→he
ربان,rubbān,ריבון,ribón,direct_cognate_ar→he
ربض,rabaḍa,רבץ,raváts,direct_cognate_ar→he
ربع,rubuʕ,רבע,róva,direct_cognate_ar→he
رتم,ratama,רותם,rótem,direct_cognate_ar→he
رجل,rajila,רגל,régel,shared_proto_semitic_root
رجم,rajama,רגם,ragám,direct_cognate_ar→he;direct_cognate_he→ar
رحب,raḥiba,רחב,rakháv,direct_cognate_ar→he;direct_cognate_he→ar
رحض,raḥaḍa,רחץ,rakháts,direct_cognate_ar→he
رحم,raḥima,רחם,rékhem,direct_cognate_ar→he;direct_cognate_he→ar
رحمة,raḥma,רחמים,rakhamím,direct_cognate_ar→he;direct_cognate_he→ar
رحمة,raḥma,רחמנות,rakhmanút,direct_cognate_he→ar
رحيم,raḥīm,רחום,rakhúm,direct_cognate_he→ar
ردف,radafa,רדף,radáf,direct_cognate_ar→he;direct_cognate_he→ar
رسم,rasama,רשם,rashám,direct_cognate_ar→he;direct_cognate_he→ar
رصف,raṣafa,רצף,rétsef,direct_cognate_ar→he
رضي,raḍiya,רצה,ratsá,direct_cognate_ar→he;direct_cognate_he→ar
رطب,raṭb,רטוב,ratóv,direct_cognate_he→ar
رعد,raʕada,רעד,ra'ád,direct_cognate_ar→he
رعشة,raʕša,רעש,rá'ash,direct_cognate_ar→he
رغب,raḡiba,רעב,ra'év,direct_cognate_ar→he;direct_cognate_he→ar
رفأ,rafaʔa,רפא,rafá,direct_cognate_he→ar
رفه,rafuha,רפה,rafé,direct_cognate_ar→he
رقص,raqaṣa,רקד,raqád,direct_cognate_ar→he;direct_cognate_he→ar
رقف,raqaf,רקפת,rakéfet,direct_cognate_he→ar
رقيق,raqīq,רך,rakh,direct_cognate_ar→he
ركب,rakiba,רכב,rékhev,direct_cognate_ar→he;direct_cognate_he→ar
ركبة,rukba,ברך,bérekh,shared_proto_semitic_root
ركض,rakaḍa,רץ,rats,direct_cognate_ar→he
ركع,rakaʕa,כרע,karáʿ,direct_cognate_ar→he
رمان,rummān,רימון,rimón,direct_cognate_he→ar
رمح,rumḥ,רומח,rómakh,direct_cognate_ar→he;direct_cognate_he→ar
رمز,ramz,רמז,ramáz,direct_cognate_ar→he;direct_cognate_he→ar
رمش,rimš,ריס,ris,direct_cognate_he→ar
رند,rand,נרד,nerd,direct_cognate_ar→he
رهب,rahiba,רהב,ráhav,direct_cognate_ar→he
روبوت,rōbōt,רובוט,robot,shared_borrowing_source
روبيان,rūbiyān,ארבה,arbé,shared_proto_semitic_root
روح,rūḥ,רוח,rúakh,direct_cognate_ar→he;direct_cognate_he→ar
روحاني,rūḥāniyy,רוחני,rukhaní,direct_cognate_ar→he;direct_cognate_he→ar
روم,rūm,רומנוס,romanos,shared_borrowing_source
رومية,rūmiya,רומי,rómi,shared_borrowing_source
روى,rawā,ירה,yará,direct_cognate_he→ar
ريق,rīq,רוק,roq,direct_cognate_he→ar
ريم,raym,ראם,r'ém,direct_cognate_he→ar
ريم,raym,רם,rám,direct_cognate_ar→he;shared_proto_semitic_root
ريو دي جانيرو,riyō dī jānērō,ריו דה ז׳ניירו,riu de janeiru,shared_borrowing_source
زانية,zāniya,זונה,zoná,direct_cognate_he→ar
زاوية,zāwiya,זווית,zavít,direct_cognate_he→ar
زبالة,zubāla,זבל,zével,direct_cognate_he→ar
زبرجد,zabarjad,אזמרגד,izmargád,shared_borrowing_source
زبل,zabbala,זבל,zével,direct_cognate_ar→he;direct_cognate_he→ar
زبور,zabūr,דיבור,dibúr,direct_cognate_ar→he
زجاج,zujāj,זכוכית,zkhukhít,direct_cognate_he→ar
زجاجة,zujāja,זכוכית,zkhukhít,direct_cognate_ar→he
زحل,zuḥal,זחל,zákhal,direct_cognate_ar→he
زرزور,zurzūr,זרזיר,zarzír,direct_cognate_ar→he
زرع,zaraʕa,זרע,zará',direct_cognate_ar→he;direct_cognate_he→ar;shared_proto_semitic_root
زعتر,zaʕtar,הדס,haḏás,direct_cognate_he→ar
زعتر,zaʕtar,צתרה,tsatra,direct_cognate_ar→he
زعزع,zaʕzaʕa,זוועה,zva'á,direct_cognate_he→ar
زعزع,zaʕzaʕa,זעזע,zi'zéa',direct_cognate_ar→he;direct_cognate_he→ar
زعق,zaʕaqa,זעק,za'ák,direct_cognate_ar→he
زفت,zift,זפת,zéfet,direct_cognate_ar→he;direct_cognate_he→ar
زكوة,zakāh,זכות,zkhut,direct_cognate_he→ar
زمام,zimām,זמם,zamám,direct_cognate_he→ar
زمام,zimām,נזם,nézem,direct_cognate_ar→he;direct_cognate_he→ar
زمان,zamān,זמן,zmán,shared_borrowing_source
زمر,zamara,זמר,zamár,shared_proto_semitic_root
زمرد,zumurrud,אזמרגד,izmargád,shared_borrowing_source
زنبور,zunbūr,דבורה,dvorá,direct_cognate_ar→he
زنى,zanā,זנה,zaná,direct_cognate_ar→he;direct_cognate_he→ar
زوج,zawj,זוג,zúg,direct_cognate_he→ar;shared_borrowing_source
زوفا,zūfā,אזוב,ʾēzṓḇ,direct_cognate_ar→he
زول,zawl,זולת,zulát,direct_cognate_ar→he;direct_cognate_he→ar
زي,zayy,זו,zó,direct_cognate_ar→he
زيت,zayt,זית,záyit,direct_cognate_he→ar
زير,zīr,סיר,sír,direct_cognate_he→ar
سأل,saʔala,שאל,sha'ál,direct_cognate_ar→he;direct_cognate_he→ar
سؤال,suʔāl,שאלה,sh'elá,direct_cognate_ar→he;direct_cognate_he→ar
سائر,sāʔir,שאר,sh'ár,direct_cognate_ar→he
ساجور,sājūr,סגור,sagúr,direct_cognate_ar→he
ساجور,sājūr,סגר,sagár,direct_cognate_ar→he
ساجور,sājūr,סוגר,sogér,direct_cognate_ar→he
سار,sāra,סיסרא,sis'rá,direct_cognate_he→ar
ساعة,sāʕa,שעה,sha'á,direct_cognate_ar→he;direct_cognate_he→ar
سافر,sāfara,ספר,séfer,direct_cognate_ar→he
سافل,sāfil,שפלה,shfelá,direct_cognate_ar→he
ساق,sāqa,שוק,shuk,direct_cognate_ar→he;direct_cognate_he→ar
سام,sāmin,שם,shem,direct_cognate_ar→he
ساندويتش,sandwitš,סנדוויץ׳,séndvich,shared_borrowing_source
سبب,sabbaba,סיבה,sibá,direct_cognate_ar→he;direct_cognate_he→ar
سبح,sabḥ,שבח,shévakh,direct_cognate_he→ar
سبح,sabḥ,שיבח,shibéakh,direct_cognate_ar→he;direct_cognate_he→ar
سبط,sabuṭa,שבט,shévet,shared_proto_semitic_root
سبعة,sabʕa,שבע,shéva',shared_proto_semitic_root
سبعة,sabʕa,שבעה,shiv'á,shared_proto_semitic_root
سبق,sabaqa,שוק,shuk,direct_cognate_he→ar
سبى,sabā,שבה,shavá,direct_cognate_ar→he;direct_cognate_he→ar
سبي,saby,שבי,shévi,direct_cognate_ar→he
سبيل,sabīl,שביל,sh'víl,direct_cognate_ar→he;direct_cognate_he→ar
ستة,sitta,שישה,shishá,shared_proto_semitic_root
ستة,sitta,שש,shésh,shared_proto_semitic_root
ستر,satara,סתר,séter,direct_cognate_ar→he;direct_cognate_he→ar
سجد,sajada,מסגד,misgád,direct_cognate_he→ar
سجد,sajada,סגד,sagád,direct_cognate_ar→he
سجل,sajjala,שגל,shagál,direct_cognate_he→ar
سحاف,suḥāf,שחפת,shaḥéfet,direct_cognate_ar→he;direct_cognate_he→ar
سحر,saḥar,שחר,shákhar,direct_cognate_ar→he;direct_cognate_he→ar;shared_proto_semitic_root
سدر,sadira,שדר,shéder,direct_cognate_ar→he
سرد,sarada,סדר,séder,direct_cognate_ar→he;direct_cognate_he→ar
سرطان,saraṭān,סרטן,sartán,direct_cognate_ar→he;direct_cognate_he→ar
سطح,saṭaḥa,שטח,shétakh,direct_cognate_ar→he
سطح,saṭaḥa,שטיח,shatíakh,direct_cognate_he→ar
سطر,saṭara,שוטר,shotér,shared_borrowing_source
سطر,saṭara,שטר,shtar,direct_cognate_he→ar;shared_borrowing_source
سعر,siʕr,שער,shá'ar,direct_cognate_ar→he;direct_cognate_he→ar
سعل,saʕala,השתעל,hishta'él,direct_cognate_he→ar
سعير,saʕīr,סער,sá'ar,direct_cognate_ar→he
سفر,safar,ספר,séfer,direct_cognate_he→ar;shared_borrowing_source
سفك,safaka,שפך,shafákh,direct_cognate_he→ar
سفود,saffūd,שיפוד,shipúd,direct_cognate_ar→he
سفينة,safīna,ספינה,sfiná,direct_cognate_ar→he;shared_borrowing_source
سقى,saqā,השקה,hishká,direct_cognate_ar→he
سك,sakka,סיכה,siká,direct_cognate_he→ar
سكت,sakata,שקט,shakát,direct_cognate_ar→he
سكر,sukkar,סוכר,sukár,direct_cognate_he→ar
سكر,sukkar,שכר,sakhár,direct_cognate_ar→he;direct_cognate_he→ar;shared_proto_semitic_root
سكن,sakana,שכן,shakhán,direct_cognate_ar→he;direct_cognate_he→ar
سكين,sikkīn,סכין,sakín,direct_cognate_ar→he;direct_cognate_he→ar
سل,salla,שלל,shalál,direct_cognate_ar→he
سلام,salām,שלום,shalóm,direct_cognate_ar→he;direct_cognate_he→ar
سلام عليكم,salām ʕalaykum,שלום עליכם,shalóm alekhém,direct_cognate_ar→he
سلباح,silbāḥ,צלופח,tslofákh,direct_cognate_ar→he
سلة,salla,סל,sal,direct_cognate_he→ar
سلة,salla,סלון,salón,direct_cognate_ar→he
سلحفاة,sulaḥfāh,שלחופה,shalkhufá,shared_borrowing_source
سلخ,salaḵa,שלח,shalákh,direct_cognate_ar→he
سلسلة,silsila,שרשרת,sharshéret,direct_cognate_ar→he
سلط,sallaṭa,שלט,shélet,direct_cognate_he→ar
سلطان,sulṭān,שלטון,shiltón,direct_cognate_ar→he;direct_cognate_he→ar
سلع,sallaʕa,סלע,séla,direct_cognate_he→ar
سلفي,salafiyy,סלפי,sélfi,shared_borrowing_source
سلق,salaqa,סלק,sélek,direct_cognate_he→ar
سلق,salaqa,קלס,keles,direct_cognate_ar→he
سلم,silm,סולם,sulám,direct_cognate_he→ar
سلم,silm,שילם,shilém,direct_cognate_ar→he
سلوى,salwā,שלוה,shalvá,direct_cognate_ar→he
سلوى,salwā,שלווה,šalwɔ̂,direct_cognate_he→ar
سلوى,salwā,שליו,shalév,direct_cognate_he→ar
سم,samma,סם,sam,direct_cognate_ar→he;direct_cognate_he→ar
سماء,samāʔ,שמים,shamáyim,shared_proto_semitic_root
سمحاق,simḥāq,דוד,dod,shared_proto_semitic_root
سمحاق,simḥāq,ידה,yadá,shared_proto_semitic_root
سمحاق,simḥāq,ירה,yará,shared_proto_semitic_root
سمحاق,simḥāq,כבד,kavéd,shared_proto_semitic_root
سمحاق,simḥāq,כיפר,kipér,shared_proto_semitic_root
سمحاق,simḥāq,כרוב,kruv,shared_proto_semitic_root
سمحاق,simḥāq,מחסנית,makhsanít,shared_proto_semitic_root
سمحاق,simḥāq,צלחת,tsalákhat,shared_proto_semitic_root
سمر,samara,שמר,shamár,direct_cognate_ar→he
سمسم,simsim,שומשום,shumshóm,direct_cognate_he→ar
سمع,samiʕa,שמע,shéma,direct_cognate_ar→he;direct_cognate_he→ar;shared_proto_semitic_root
سمع,samiʕa,שמעון,shim'ón,direct_cognate_he→ar
سمك,samak,סמך,samákh,direct_cognate_ar→he
سمن,samina,שמן,shémen,shared_proto_semitic_root
سمن,samina,שמנת,shaménet,direct_cognate_he→ar
سمين,samīn,שמן,shémen,direct_cognate_he→ar
سن,sanna,שן,shen,shared_proto_semitic_root
سن,sanna,שנן,shanán,direct_cognate_he→ar
سنا,sanā,סנה,s'ne,direct_cognate_ar→he
سنا,sanā,שן,shen,shared_proto_semitic_root
سنا,sanā,שני,shnei,direct_cognate_ar→he
سنبل,sunbul,שבלת,shibólet,direct_cognate_ar→he
سنبلة,sunbula,שיבולת,shibólet,direct_cognate_he→ar
سنة,sana,שינה,shená,direct_cognate_he→ar
سنة,sana,שנה,shaná,direct_cognate_ar→he;shared_proto_semitic_root
سنجار,sinjār,שנער,shin'ár,direct_cognate_ar→he
سندان,sandān,סדן,sadán,direct_cognate_ar→he;direct_cognate_he→ar;shared_borrowing_source
سنط,sanṭ,שיטה,shitá,direct_cognate_he→ar
سنن,sannana,שינן,shinén,direct_cognate_he→ar
سنونو,sunūnū,סנונית,snunít,direct_cognate_ar→he;direct_cognate_he→ar
سوسن,sawsan,שושן,shoshán,shared_borrowing_source
سوسن,sawsan,שושנה,shoshaná,shared_borrowing_source
سوط,sawṭ,שוט,shot,direct_cognate_he→ar
سوف,sawfa,סוף,sóf,shared_borrowing_source
سوق,sūq,שוק,shuk,direct_cognate_ar→he;direct_cognate_he→ar;shared_borrowing_source
سوي,sawiya,שווה,shavé,direct_cognate_ar→he
سياج,siyāj,סיג,sə'yág,direct_cognate_ar→he;direct_cognate_he→ar
سير,sayr,סר,sar,direct_cognate_ar→he
سيف,sayf,סיף,sáyif,direct_cognate_ar→he;direct_cognate_he→ar
سيما,sīmā,סימן,simán,direct_cognate_he→ar
شاء,šāʔa,שה,sé,direct_cognate_ar→he;direct_cognate_he→ar
شاة,šāh,שה,sé,direct_cognate_ar→he
شانئ,šāniʔ,שונא,soné,direct_cognate_ar→he
شباط,šubāṭ,שבט,shévet,shared_borrowing_source
شبث,šibiṯṯ,שבת,shabát,direct_cognate_ar→he;direct_cognate_he→ar;shared_borrowing_source
شبر,šibr,שבר,shéver,shared_proto_semitic_root
شبع,šabiʕa,שבע,shéva',direct_cognate_ar→he;direct_cognate_he→ar
شبه,šabiha,השווה,hishvá,direct_cognate_ar→he
شبور,šabbūr,שופר,shofár,direct_cognate_ar→he
شتاء,šitāʔ,סתו,s'táv,direct_cognate_ar→he
شتاء,šitāʔ,סתיו,s'táv,direct_cognate_he→ar
شتان,šattāna,השתנה,hishtaná,direct_cognate_he→ar
شحط,šaḥaṭa,שחט,shakhát,direct_cognate_ar→he
شر,šarra,סרר,sarár,direct_cognate_he→ar
شرش,širš,שורש,šóreš,shared_proto_semitic_root
شرموطة,šarmūṭa,סמרטוט,smartút,direct_cognate_ar→he
شرى,šarā,שרה,sará,direct_cognate_ar→he;direct_cognate_he→ar
شريط,šarīṭ,סרט,séret,direct_cognate_he→ar
شعر,šaʕara,שיער,se'ár,direct_cognate_ar→he;shared_proto_semitic_root;shared_borrowing_source
شعر,šaʕara,שיר,shir,direct_cognate_ar→he
شعر,šaʕara,שירה,shirá,direct_cognate_ar→he
شعر,šaʕara,שער,shá'ar,direct_cognate_he→ar;shared_proto_semitic_root;shared_borrowing_source
شعير,šaʕīr,שעורה,se'orá,direct_cognate_ar→he
شفة,šafa,שפה,safá,shared_proto_semitic_root
شفع,šafaʕa,שפע,shafá',direct_cognate_ar→he;direct_cognate_he→ar
شفلح,šafallaḥ,דוד,dod,shared_proto_semitic_root
شفلح,šafallaḥ,ידה,yadá,shared_proto_semitic_root
شفلح,šafallaḥ,ירה,yará,shared_proto_semitic_root
شفلح,šafallaḥ,כבד,kavéd,shared_proto_semitic_root
شفلح,šafallaḥ,כיפר,kipér,shared_proto_semitic_root
شفلح,šafallaḥ,כרוב,kruv,shared_proto_semitic_root
شفلح,šafallaḥ,מחסנית,makhsanít,shared_proto_semitic_root
شفلح,šafallaḥ,צלחת,tsalákhat,shared_proto_semitic_root
شكر,šakara,שכר,sakhár,direct_cognate_ar→he
شلال,šallāl,שלולית,shlulít,direct_cognate_he→ar
شمال,šimāl,שמאל,s'mól,direct_cognate_ar→he;direct_cognate_he→ar;shared_proto_semitic_root
شمبانيا,šambānyā,קמפוס,kampus,shared_borrowing_source
شمبانيا,šambānyā,קמפיין,kampéin,shared_borrowing_source
شمبانيا,šambānyā,שמפניה,shampánya,shared_borrowing_source
شمر,šamara,שומר,shumár,direct_cognate_ar→he;direct_cognate_he→ar;shared_borrowing_source
شمس,šams,שמש,shémesh,shared_proto_semitic_root
شنأ,šanaʔa,שנא,sané,direct_cognate_ar→he;direct_cognate_he→ar
شهر,šahr,סהר,sáhar,direct_cognate_he→ar
شهر,šahr,שהר,sáhar,direct_cognate_he→ar;shared_proto_semitic_root
شهيد,šahīd,שהד,sahéd,direct_cognate_ar→he;direct_cognate_he→ar
شوفان,šūfān,שיפון,shifón,direct_cognate_ar→he;direct_cognate_he→ar
شيح,šīḥ,שיח,síakh,direct_cognate_he→ar
شيراز,šīrāz,שיראז,shiraz,shared_borrowing_source
شيطان,šayṭān,שטן,śāṭān,direct_cognate_ar→he;direct_cognate_he→ar
شيعة,šīʕa,סיעה,si'á,direct_cognate_ar→he;direct_cognate_he→ar
شيك,šīk,צ׳ק,chek,shared_borrowing_source
صابون,ṣābūn,סבון,sabón,shared_borrowing_source
صاد,ṣāda,צד,tsád,direct_cognate_ar→he
صادق,ṣādiq,צדיק,tsadík,direct_cognate_ar→he
صاع,ṣāʕ,דוד,dod,shared_proto_semitic_root
صاع,ṣāʕ,ידה,yadá,shared_proto_semitic_root
صاع,ṣāʕ,ירה,yará,shared_proto_semitic_root
صاع,ṣāʕ,כבד,kavéd,shared_proto_semitic_root
صاع,ṣāʕ,כיפר,kipér,shared_proto_semitic_root
صاع,ṣāʕ,כרוב,kruv,shared_proto_semitic_root
صاع,ṣāʕ,מחסנית,makhsanít,shared_proto_semitic_root
صاع,ṣāʕ,סאה,se'a,direct_cognate_ar→he
صاع,ṣāʕ,צלחת,tsalákhat,shared_proto_semitic_root
صالون,ṣālūn,סלון,salón,shared_borrowing_source
صام,ṣāma,צם,tsám,direct_cognate_ar→he;direct_cognate_he→ar
صبا,ṣabā,צבא,tsaváʾ,direct_cognate_he→ar
صبغ,ṣabaḡa,צבע,tséva',direct_cognate_ar→he;direct_cognate_he→ar
صتم,ṣatama,סתם,stám,direct_cognate_ar→he;direct_cognate_he→ar
صحن,ṣaḥn,דוד,dod,shared_proto_semitic_root
صحن,ṣaḥn,ידה,yadá,shared_proto_semitic_root
صحن,ṣaḥn,ירה,yará,shared_proto_semitic_root
صحن,ṣaḥn,כבד,kavéd,shared_proto_semitic_root
صحن,ṣaḥn,כיפר,kipér,shared_proto_semitic_root
صحن,ṣaḥn,כרוב,kruv,shared_proto_semitic_root
صحن,ṣaḥn,מחסנית,makhsanít,shared_proto_semitic_root
صحن,ṣaḥn,צלחת,tsalákhat,direct_cognate_ar→he;direct_cognate_he→ar;shared_proto_semitic_root
صحيح,ṣaḥīḥ,צח,tsákh,direct_cognate_ar→he
صدقة,ṣadaqa,צדקה,ts'daká,direct_cognate_ar→he;direct_cognate_he→ar
صديق,ṣadīq,צדיק,tsadík,direct_cognate_he→ar
صرح,ṣaraḥa,צריח,ts'ríakh,direct_cognate_ar→he
صرخ,ṣaraḵa,צרח,tsarákh,direct_cognate_ar→he;direct_cognate_he→ar
صرصر,ṣarṣara,צרצר,tsratsár,direct_cognate_he→ar
صرصور,ṣurṣūr,צרצר,tsratsár,direct_cognate_ar→he
صعد,ṣaʕida,צעד,tsá'ad,direct_cognate_ar→he
صغر,ṣaḡura,צעיר,tsa'ír,shared_proto_semitic_root
صغير,ṣaḡīr,צעיר,tsa'ír,direct_cognate_he→ar;shared_proto_semitic_root
صفر,ṣafar,ספרה,sféra,direct_cognate_he→ar
صفر,ṣafar,צפר,tsafár,direct_cognate_he→ar
صفصاف,ṣafṣāf,צפצפה,tsaftsafá,direct_cognate_ar→he
صلب,ṣalaba,צלב,tzaláv,direct_cognate_ar→he;direct_cognate_he→ar
صلصة,ṣalṣa,סלסה,sálsa,shared_borrowing_source
صلى,ṣallā,צלה,tsalá,direct_cognate_he→ar
صليب,ṣalīb,צלב,tzaláv,direct_cognate_he→ar
صنم,ṣanam,צלם,tsélem,direct_cognate_he→ar
صهب,ṣahiba,צהוב,tsahóv,direct_cognate_ar→he;direct_cognate_he→ar
صورة,ṣūra,צורה,tsurá,direct_cognate_ar→he;direct_cognate_he→ar
صوم,ṣawm,צום,tsom,direct_cognate_ar→he;direct_cognate_he→ar
صياد,ṣayyād,צייד,tsayád,direct_cognate_he→ar
صيد,ṣayd,ציד,tsáyid,direct_cognate_ar→he;direct_cognate_he→ar
صيدا,Ṣaydā,צידון,tsidón,direct_cognate_ar→he;shared_borrowing_source
صيدون,ṣaydūn,צידון,tsidón,direct_cognate_ar→he;shared_borrowing_source
صير,ṣayyara,ציר,tsír,direct_cognate_ar→he
ضأن,ḍaʔn,צאן,tsón,direct_cognate_he→ar
ضب,ḍabb,צב,tsáv,direct_cognate_ar→he;direct_cognate_he→ar;shared_proto_semitic_root
ضبع,ḍabuʕ,צבוע,tsavúa,direct_cognate_he→ar;shared_proto_semitic_root
ضحك,ḍaḥik,צחק,tsakhák,direct_cognate_ar→he;direct_cognate_he→ar
ضحك,ḍaḥik,שחק,saḥáq,direct_cognate_he→ar
ضد,ḍidd,צד,tsád,direct_cognate_ar→he;direct_cognate_he→ar
ضرا,ḍarā,צרי,tsorí,direct_cognate_he→ar
ضرة,ḍarra,צרה,tsará,direct_cognate_he→ar;shared_proto_semitic_root
ضعف,ḍaʕufa,צעיף,tsa'íf,direct_cognate_he→ar
ضفدع,ḍifdiʕ,צפרדע,tz'fardéa,direct_cognate_ar→he;direct_cognate_he→ar
ضلع,ḍalaʕa,צלע,tselá,direct_cognate_ar→he;direct_cognate_he→ar
طابع,ṭābaʕ,אצבע,étsba,direct_cognate_ar→he
طابع,ṭābaʕ,דף,dáf,shared_borrowing_source
طابع,ṭābaʕ,טבעת,tabá'at,direct_cognate_ar→he
طاهر,ṭāhir,טהור,tahór,direct_cognate_ar→he;direct_cognate_he→ar
طباخ,ṭabbāḵ,טבח,tavákh,direct_cognate_ar→he
طبخ,ṭabaḵa,טבח,tavákh,direct_cognate_ar→he;direct_cognate_he→ar
طبع,ṭabaʕa,טבע,téva,direct_cognate_he→ar
طحال,ṭiḥāl,טחול,təḥṓl,shared_proto_semitic_root
طحن,ṭaḥana,טחן,takhán,direct_cognate_he→ar;shared_proto_semitic_root
طري,ṭariyy,טרי,tarí,direct_cognate_ar→he;direct_cognate_he→ar
طريق,ṭarīq,דרך,dérekh,direct_cognate_ar→he;direct_cognate_he→ar
طعام,ṭaʕām,טעם,tá'am,direct_cognate_ar→he
طعم,ṭaʕima,טעם,tá'am,direct_cognate_ar→he;direct_cognate_he→ar
طفا,ṭafā,צף,tsaf,direct_cognate_ar→he
طفيل,ṭufayl,טפיל,tapil,direct_cognate_ar→he
طقس,ṭaqs,טקס,tékes,shared_borrowing_source
طل,ṭall,טל,tal,direct_cognate_ar→he;direct_cognate_he→ar
طوبغرافيا,ṭūbūḡrāfyā,טופוגרפיה,topográfya,shared_borrowing_source
طور,ṭawr,טור,túr,direct_cognate_he→ar
طيب,ṭayyib,טוב,tov,direct_cognate_he→ar;shared_proto_semitic_root
طيط,ṭīṭ,טיט,tít,direct_cognate_ar→he
طين,ṭīn,טיט,tít,direct_cognate_ar→he;direct_cognate_he→ar;shared_proto_semitic_root
ظبي,ẓaby,צבי,tsví,direct_cognate_ar→he;direct_cognate_he→ar
ظعن,ẓaʕana,צען,tsa'án,direct_cognate_ar→he;direct_cognate_he→ar
ظفر,ẓufr,ציפורן,tsipóren,direct_cognate_he→ar;shared_proto_semitic_root
ظل,ẓill,צל,tsél,direct_cognate_he→ar;shared_proto_semitic_root
ظمئ,ẓamiʔa,צמא,tsamé,direct_cognate_ar→he;direct_cognate_he→ar;shared_proto_semitic_root
ظهر,ẓahara,צהריים,tsohoráyim,direct_cognate_ar→he;direct_cognate_he→ar
عاصفة,ʕāṣifa,סופה,sufá,direct_cognate_he→ar
عاقب,ʕāqaba,עקב,ékev,direct_cognate_he→ar
عالم,ʕālam,עולם,'olám,direct_cognate_he→ar
عام,ʕām,עם,am,direct_cognate_ar→he;direct_cognate_he→ar
عامة,ʕāmma,עם,am,direct_cognate_ar→he
عبادة,ʕibāda,עבודה,avodá,direct_cognate_ar→he;direct_cognate_he→ar
عبد,ʕabd,עבד,éved,direct_cognate_ar→he;direct_cognate_he→ar
عبد الله,ʕabd allāh,עובדיה,Ovadyá,direct_cognate_ar→he;direct_cognate_he→ar
عبر,ʕabara,עבר,avár,direct_cognate_ar→he;direct_cognate_he→ar;shared_proto_semitic_root
عبر,ʕabara,עיבר,ʿibēr,direct_cognate_he→ar
عبودية,ʕubūdiyya,עבדות,avdút,direct_cognate_ar→he
عتيق,ʕatīq,עתיק,atík,direct_cognate_ar→he
عجل,ʕijl,עגל,égel,direct_cognate_ar→he
عجلة,ʕajala,מעגל,ma'agál,direct_cognate_ar→he
عجلة,ʕajala,עגלה,agalá,direct_cognate_ar→he;direct_cognate_he→ar
عدس,ʕadas,עדשה,adashá,direct_cognate_ar→he;direct_cognate_he→ar
عدسة,ʕadasa,עדשה,adashá,direct_cognate_he→ar
عذر,ʕaḏara,עזרה,ʿezrá,direct_cognate_ar→he;direct_cognate_he→ar
عربة,ʕaraba,ערבה,aravá,direct_cognate_he→ar
عرس,ʕurs,דוד,dod,shared_proto_semitic_root
عرس,ʕurs,ידה,yadá,shared_proto_semitic_root
عرس,ʕurs,ירה,yará,shared_proto_semitic_root
عرس,ʕurs,כבד,kavéd,shared_proto_semitic_root
عرس,ʕurs,כיפר,kipér,shared_proto_semitic_root
عرس,ʕurs,כרוב,kruv,shared_proto_semitic_root
عرس,ʕurs,מחסנית,makhsanít,shared_proto_semitic_root
عرس,ʕurs,צלחת,tsalákhat,shared_proto_semitic_root
عرش,ʕaraša,ערש,éres,direct_cognate_ar→he;direct_cognate_he→ar
عرعر,ʕarʕar,ערער,ar'ár,direct_cognate_ar→he
عري,ʕariya,עירום,eróm,direct_cognate_ar→he
عريان,ʕuryān,ערום,aróm,direct_cognate_he→ar
عز,ʕazza,עז,áz,direct_cognate_he→ar
عز,ʕazza,עזז,azáz,direct_cognate_ar→he;direct_cognate_he→ar
عزب,ʕazaba,עזב,azáv,direct_cognate_ar→he;direct_cognate_he→ar;shared_proto_semitic_root
عزة,ʕizza,עוז,'óz,direct_cognate_he→ar
عزر,ʕazara,עזר,'azár,direct_cognate_ar→he
عشب,ʕušb,עשב,ésev,direct_cognate_ar→he
عشرون,ʕišrūna,עשרים,'esrím,direct_cognate_ar→he;shared_proto_semitic_root
عصا,ʕaṣan,עץ,ʿēṣ,direct_cognate_ar→he;shared_proto_semitic_root
عصفور,ʕuṣfūr,ציפור,tsipór,direct_cognate_ar→he;direct_cognate_he→ar
عصمة,ʕiṣma,עוצמה,otsmá,direct_cognate_he→ar
عطس,ʕaṭasa,התעטש,hit'atésh,direct_cognate_he→ar
عظم,ʕaẓm,עצם,étsem,direct_cognate_he→ar;shared_proto_semitic_root
عظيم,ʕaẓīm,עצום,atsúm,direct_cognate_ar→he;direct_cognate_he→ar
عفر,ʕafar,עופר,ófer,direct_cognate_ar→he
عقب,ʕaqib,עקב,ékev,direct_cognate_ar→he
عقد,ʕaqada,עקידה,ʿaqedá,direct_cognate_he→ar
عقر,ʕaqara,עקר,akár,direct_cognate_ar→he
عقرب,ʕaqrab,עקרב,akráv,direct_cognate_ar→he;direct_cognate_he→ar;shared_proto_semitic_root
عقعق,ʕaqʕaq,עקעק,ak'ák,direct_cognate_ar→he;direct_cognate_he→ar
علا,ʕalā,עלה,ʕālā,direct_cognate_ar→he
علقة,ʕalaqa,עלוקה,ʿălūqâ,direct_cognate_ar→he;direct_cognate_he→ar
على,ʕalā,על,al,direct_cognate_ar→he;shared_proto_semitic_root
على,ʕalā,עלי,eli,direct_cognate_he→ar
علي,ʕaliya,עלה,ʕālā,direct_cognate_ar→he;direct_cognate_he→ar;shared_proto_semitic_root
علي,ʕaliya,עלי,eli,direct_cognate_ar→he;direct_cognate_he→ar;shared_proto_semitic_root
علية,ʕilliyya,עלייה,aliyá,direct_cognate_ar→he
عم,ʕamma,עם,am,direct_cognate_ar→he;direct_cognate_he→ar
عماد,ʕimād,עמוד,amúd,direct_cognate_ar→he
عمد,ʕamada,עמד,amád,direct_cognate_ar→he;direct_cognate_he→ar
عمق,ʕamuqa,עמק,émek,direct_cognate_he→ar
عمل,ʕamila,עמל,amál,direct_cognate_ar→he;direct_cognate_he→ar
عمود,ʕamūd,עמוד,amúd,direct_cognate_ar→he;direct_cognate_he→ar
عنان,ʕanān,ענן,'anán,direct_cognate_ar→he;direct_cognate_he→ar
عنب,ʕinab,ענב,'enáv,direct_cognate_ar→he;direct_cognate_he→ar
عنب,ʕinab,ענבה,,direct_cognate_ar→he
عنبر,ʕanbar,ענבר,inbár,shared_borrowing_source
عنز,ʕanz,עז,áz,direct_cognate_ar→he;direct_cognate_he→ar;shared_proto_semitic_root
عنزة,ʕanza,עז,áz,direct_cognate_ar→he
عنكبوت,ʕankabūt,עכביש,akavísh,direct_cognate_ar→he;direct_cognate_he→ar
عني,ʕuniya,עני,aní,direct_cognate_he→ar
عور,ʕawira,עור,ʕōr,direct_cognate_ar→he;direct_cognate_he→ar
عورة,ʕawra,ערוה,'ervá,direct_cognate_he→ar
عورة,ʕawra,ערווה,'ervá,direct_cognate_ar→he
عيد الميلاد,ʕīd al-mīlād,חג המולד,khág hamolád,direct_cognate_he→ar
عيسى,ʕīsā,ישו,yéshu,direct_cognate_ar→he
عيسى,ʕīsā,ישוע,yeshúa,direct_cognate_ar→he
عين,ʕayn,עין,áyin,shared_proto_semitic_root
غار,ḡāra,ער,'ér,direct_cognate_ar→he
غاز,ḡāzin,גז,gaz,shared_borrowing_source
غاز,ḡāzin,כאוס,ká'os,shared_borrowing_source
غبرة,ḡubra,עפר,afár,direct_cognate_he→ar
غراب,ḡurāb,עורב,'orév,direct_cognate_he→ar;shared_proto_semitic_root
غرلة,ḡurla,עורלה,orlá,direct_cognate_ar→he
غزة,ḡazza,עזה,áza,direct_cognate_he→ar
غطا,ḡaṭā,עטה,ʿatá,direct_cognate_ar→he;direct_cognate_he→ar
غطى,ḡaṭṭā,עטה,ʿatá,direct_cognate_ar→he
غل,ḡalla,עול,ol,direct_cognate_he→ar
غلام,ḡulām,עלם,élem,direct_cognate_ar→he
غنى,ḡannā,ענה,ʿanáh,direct_cognate_ar→he
غيطلة,ḡayṭala,עלטה,alatá,direct_cognate_ar→he;direct_cognate_he→ar
فئة,fiʔa,פאה,pe'á,shared_proto_semitic_root
فئة,fiʔa,פות,pót,shared_proto_semitic_root
فاح,fāḥa,פוח,púakh,direct_cognate_he→ar
فاخ,fāḵa,פוח,púakh,direct_cognate_he→ar
فاطمة,fāṭima,פטמה,pitma,direct_cognate_he→ar
فانوس,fānūs,פנס,panás,shared_borrowing_source
فبراير,fibrāyir,פברואר,fébruar,shared_borrowing_source
فتات,futāt,פת,pát,direct_cognate_ar→he
فتح,fataḥa,פתח,patákh,direct_cognate_he→ar;shared_proto_semitic_root
فتحة,futḥa,פתח,patákh,direct_cognate_ar→he;direct_cognate_he→ar
فجر,fajara,פגר,péger,direct_cognate_he→ar
فحم,faḥm,פחם,pekhám,direct_cognate_ar→he;direct_cognate_he→ar
فخ,faḵḵa,פח,pakh,direct_cognate_he→ar
فدى,fadā,פדה,padá,direct_cognate_he→ar
فرأ,faraʔ,פרא,pére,direct_cognate_ar→he;direct_cognate_he→ar
فرث,faraṯa,פרש,parásh,direct_cognate_he→ar
فرخ,farḵ,אפרוח,'efróakh,direct_cognate_he→ar
فرخ,farḵ,פרח,pérakh,direct_cognate_ar→he;direct_cognate_he→ar
فردوس,firdaws,פרדס,pardés,shared_borrowing_source
فرس,farasa,פרס,parás,direct_cognate_ar→he;shared_borrowing_source
فرس,farasa,פרץ,paráts,direct_cognate_ar→he
فرس,farasa,פרש,parásh,direct_cognate_ar→he;direct_cognate_he→ar
فرسخ,farsaḵ,פרסה,parsa,direct_cognate_he→ar
فرصاد,firṣād,חרצן,ḥarṣā́n,direct_cognate_ar→he
فرض,faraḍa,פרץ,paráts,direct_cognate_ar→he;direct_cognate_he→ar
فستق,fustuq,פיסטוק,fístuk,shared_borrowing_source
فسخ,fasaḵa,פסח,pasákh,direct_cognate_ar→he;direct_cognate_he→ar
فسفس,fasfasa,פשפש,pishpésh,direct_cognate_ar→he
فسيفساء,fusayfisāʔ,פסיפס,psefás,shared_borrowing_source
فصح,faṣuḥa,פסחא,páskha,shared_borrowing_source
فصح,faṣuḥa,פצה,patsá,direct_cognate_ar→he;direct_cognate_he→ar
فصفص,faṣfaṣ,אספסת,aspéset,shared_borrowing_source
فطر,faṭara,הפטיר,hiftír,direct_cognate_he→ar
فطر,faṭara,פטר,patár,direct_cognate_ar→he
فطرة,fiṭra,פטריה,pitriyá,direct_cognate_ar→he;direct_cognate_he→ar
فظيع,faẓīʕ,פצע,pétsa,direct_cognate_ar→he
فعل,faʕala,פעל,pa'al,direct_cognate_ar→he;direct_cognate_he→ar
فك,fakka,פוך,pukh,direct_cognate_he→ar
فلاش,flāš,פלאש,flesh,shared_borrowing_source
فلافل,falāfil,פלפל,pilpél,shared_borrowing_source
فلان,fulān,פלוני,plóni,direct_cognate_ar→he
فلان,fulān,פלני,plóni,direct_cognate_he→ar
فلفل,filfil,פלפל,pilpél,shared_borrowing_source
فلق,falaqa,פלג,péleg,direct_cognate_he→ar
فلك,falak,פלך,pélekh,direct_cognate_ar→he
فلكلور,folklōr,פולקלור,folklór,shared_borrowing_source
فم,fam,פה,pó,direct_cognate_he→ar;shared_proto_semitic_root
فني,faniya,פנים,paním,shared_proto_semitic_root
فول,fūl,פול,pol,direct_cognate_he→ar
فولاذ,fūlāḏ,פלדה,pladá,shared_borrowing_source
في,fī,ב־,b'-,shared_proto_semitic_root
في,fī,פאה,pe'á,shared_proto_semitic_root
في,fī,פה,pó,direct_cognate_ar→he;shared_proto_semitic_root
في,fī,פות,pót,shared_proto_semitic_root
فيديو,fīdiyū,וידאו,víde'o,shared_borrowing_source
فيل,fīl,פיל,píl,direct_cognate_ar→he;direct_cognate_he→ar
قاء,qāʔa,הקיא,hekí,direct_cognate_he→ar
قادوس,qādūs,כד,kad,shared_borrowing_source
قاض,qāḍa,קצין,katsín,direct_cognate_he→ar
قام,qāma,קם,qɔm,direct_cognate_ar→he;direct_cognate_he→ar
قاموس,qāmūs,אוקיינוס,okyános,shared_borrowing_source
قاووش,qāwūš,קופסה,kufsá,shared_borrowing_source
قبر,qabara,קבורה,k'vura,direct_cognate_he→ar
قبر,qabara,קבר,kéver,direct_cognate_ar→he;direct_cognate_he→ar
قبض,qabaḍa,קבץ,kaváts,direct_cognate_ar→he;direct_cognate_he→ar
قبض,qabaḍa,קיבוץ,kibútz,direct_cognate_he→ar
قبعة,qubbaʕa,כובע,kóva,direct_cognate_ar→he;direct_cognate_he→ar
قتل,qatala,קטל,katál,direct_cognate_he→ar
قد,qadda,קוד,kód,direct_cognate_ar→he
قدح,qadaḥa,קדח,kadákh,direct_cognate_he→ar
قدس,qadusa,קדוש,kadósh,direct_cognate_he→ar;shared_proto_semitic_root
قدم,qadama,קדם,kédem,direct_cognate_ar→he;direct_cognate_he→ar;shared_proto_semitic_root
قدم,qadama,קודם,qóḏɛm,shared_proto_semitic_root
قديم,qadīm,קדום,kadúm,direct_cognate_he→ar
قر,qarra,קר,qar,direct_cognate_ar→he;direct_cognate_he→ar
قرأ,qaraʔa,קרא,kará,direct_cognate_ar→he
قرب,qaruba,קרב,karáv,direct_cognate_he→ar
قربان,qurbān,קרבן,korbán,direct_cognate_ar→he;direct_cognate_he→ar
قرش,qaraša,כריש,karísh,direct_cognate_he→ar
قرصان,qurṣān,קורס,kurs,shared_borrowing_source
قرطاس,qirṭās,כרטיס,kartís,shared_borrowing_source
قرفة,qirfa,קליפה,k'lipá,direct_cognate_he→ar
قرن,qarn,קרן,kéren,direct_cognate_he→ar;shared_proto_semitic_root
قروعة,qarrūʕa,קרח,kérakh,direct_cognate_ar→he
قريب,qarīb,קרוב,karóv,direct_cognate_ar→he;direct_cognate_he→ar
قرية,qarya,קריה,kiryá,direct_cognate_ar→he;direct_cognate_he→ar
قرية,qarya,קרת,qeret,direct_cognate_ar→he;direct_cognate_he→ar
قش,qašš,קש,kash,direct_cognate_he→ar
قص,qaṣṣa,קצץ,katsáts,direct_cognate_ar→he;direct_cognate_he→ar
قصاب,qaṣṣāb,קצב,kétsev,direct_cognate_ar→he;direct_cognate_he→ar
قصي,qaṣiyy,קצה,katsé,direct_cognate_ar→he
قصير,qaṣīr,קצר,katsár,direct_cognate_ar→he;direct_cognate_he→ar
قط,qaṭṭu,חתול,khatúl,direct_cognate_he→ar
قطار,qiṭār,קטר,qitér,direct_cognate_he→ar
قطب,qaṭaba,קוטב,kótev,direct_cognate_he→ar
قطر,qaṭara,קיטר,kitér,direct_cognate_he→ar
قطران,qaṭrān,קטר,qitér,direct_cognate_ar→he
قطف,qaṭafa,קטף,katáf,direct_cognate_ar→he
قفز,qafaza,קפץ,kafáts,direct_cognate_ar→he;direct_cognate_he→ar
قفص,qafaṣ,קופסה,kufsá,shared_borrowing_source
قفير,qafīr,כפור,k'fór,direct_cognate_ar→he
قل,qalla,קלל,kalál,direct_cognate_he→ar
قلس,qallasa,קלס,keles,direct_cognate_ar→he
قلم,qalama,קולמוס,kulmus,direct_cognate_he→ar;shared_borrowing_source
قلى,qalā,קלה,kalá,direct_cognate_he→ar
قلى,qalā,קלי,qalí,direct_cognate_ar→he;direct_cognate_he→ar
قليل,qalīl,קל,kal,direct_cognate_he→ar
قمح,qamḥ,קמח,kémakh,direct_cognate_ar→he;direct_cognate_he→ar
قمين,qamīn,קמין,kamin,direct_cognate_he→ar
قن,qunn,דוד,dod,shared_proto_semitic_root
قن,qunn,ידה,yadá,shared_proto_semitic_root
قن,qunn,ירה,yará,shared_proto_semitic_root
قن,qunn,כבד,kavéd,shared_proto_semitic_root
قن,qunn,כיפר,kipér,shared_proto_semitic_root
قن,qunn,כרוב,kruv,shared_proto_semitic_root
قن,qunn,מחסנית,makhsanít,shared_proto_semitic_root
قن,qunn,צלחת,tsalákhat,shared_proto_semitic_root
قن,qunn,קן,ken,direct_cognate_ar→he
قنع,qaniʕa,כנען,k'ná'an,direct_cognate_he→ar
قنفذ,qunfuḏ,קיפוד,qippṓḏ,direct_cognate_ar→he;direct_cognate_he→ar;shared_borrowing_source
قهوة,qahwa,כהה,kehé,direct_cognate_ar→he;direct_cognate_he→ar
قوس,qawisa,קשת,késhet,direct_cognate_ar→he;direct_cognate_he→ar
قول,qawl,קול,kol,direct_cognate_ar→he;direct_cognate_he→ar
قير,qīr,גיר,gir,shared_borrowing_source
قيصر,qayṣar,צאר,tsár,shared_borrowing_source
قيصر,qayṣar,קיסר,kesár,direct_cognate_he→ar;shared_borrowing_source
قيظ,qayẓ,קיץ,káyits,direct_cognate_ar→he;direct_cognate_he→ar;shared_proto_semitic_root
قيوم,qayyūm,קיים,kayám,direct_cognate_he→ar
كأس,kaʔs,כוס,kos,shared_proto_semitic_root
كأس,kaʔs,ראש,rosh,shared_proto_semitic_root
كئب,kaʔiba,כאב,ke'év,direct_cognate_ar→he;direct_cognate_he→ar
كاتب,kātaba,כותב,kotév,direct_cognate_ar→he;direct_cognate_he→ar
كانون,kānūn,כור,kur,shared_borrowing_source
كاهن,kāhin,כוהן,kohén,direct_cognate_he→ar
كاهنة,kāhina,כוהנת,kohénet,direct_cognate_ar→he
كبد,kabbada,דוד,dod,shared_proto_semitic_root
كبد,kabbada,ידה,yadá,shared_proto_semitic_root
كبد,kabbada,ירה,yará,shared_proto_semitic_root
كبد,kabbada,כבד,kavéd,direct_cognate_he→ar;shared_proto_semitic_root
كبد,kabbada,כיפר,kipér,shared_proto_semitic_root
كبد,kabbada,כרוב,kruv,shared_proto_semitic_root
كبد,kabbada,מחסנית,makhsanít,shared_proto_semitic_root
كبد,kabbada,צלחת,tsalákhat,shared_proto_semitic_root
كبر,kabura,כבר,kvár,direct_cognate_ar→he
كبش,kabš,כבש,kéves,direct_cognate_ar→he;direct_cognate_he→ar
كبل,kabl,כבל,kével,direct_cognate_he→ar
كتاب,kitāb,כתב,katáv,direct_cognate_he→ar
كتابة,kitāba,חפירה,khafirá,direct_cognate_he→ar
كتابة,kitāba,כתובת,k'tóvet,direct_cognate_he→ar
كتم,katam,כתם,kétem,direct_cognate_ar→he
كحل,kuḥl,אלכוהול,alkohol,shared_borrowing_source
كحل,kuḥl,כחל,kakhál,direct_cognate_ar→he;direct_cognate_he→ar
كحلي,kuḥliyy,כחול,kaḥól,direct_cognate_he→ar
كحول,kuḥūl,אלכוהול,alkohol,shared_borrowing_source
كذب,kaḏaba,כזב,kazáv,direct_cognate_ar→he;direct_cognate_he→ar
كذب,kaḏaba,כיזב,kizév,direct_cognate_he→ar
كر,karra,כור,kur,direct_cognate_ar→he;direct_cognate_he→ar
كراث,kurrāṯ,כרשה,kərēšā́,direct_cognate_ar→he;direct_cognate_he→ar;shared_borrowing_source
كراميل,karāmīl,קולמוס,kulmus,shared_borrowing_source
كرباس,kirbās,כרפס,karpás,shared_borrowing_source
كرسف,kursuf,כרפס,karpás,shared_borrowing_source
كرسنة,karsanna,כרס,karés,shared_proto_semitic_root
كرسي,kursiyy,כיסא,kisé,shared_borrowing_source
كرش,kariša,כרס,karés,direct_cognate_he→ar;shared_proto_semitic_root
كرفس,karafs,כרפס,karpás,direct_cognate_he→ar
كركند,karkand,כדכד,kad̠kōd̠,direct_cognate_ar→he;direct_cognate_he→ar
كرم,karuma,כרם,kérem,direct_cognate_ar→he;direct_cognate_he→ar;shared_borrowing_source
كروبي,karūbiyy,כרוב,kruv,shared_borrowing_source
كروبي,karūbiyy,כרובית,kruvít,shared_borrowing_source
كسا,kasā,כסה,kasá,direct_cognate_he→ar
كسكس,kuskus,כוסכוס,kuskus,direct_cognate_he→ar
كف,kaffa,כף,kaf,direct_cognate_ar→he;direct_cognate_he→ar;shared_proto_semitic_root
كفارة,kaffāra,כיפור,kipúr,direct_cognate_ar→he
كفر,kafara,כיפר,kipér,direct_cognate_he→ar
كفر,kafara,כפר,kfar,direct_cognate_ar→he;direct_cognate_he→ar;shared_borrowing_source
كل,kull,כל,kól,direct_cognate_he→ar;shared_proto_semitic_root
كلب,kalb,כלב,kɛ́lɛḇ,shared_proto_semitic_root
كلخ,kalḵ,כלך,kélekh,shared_borrowing_source
كلور,kulūr,כלור,klór,shared_borrowing_source
كلية,kulliyya,כליה,kilyá,direct_cognate_ar→he;direct_cognate_he→ar
كلية,kulliyya,מכללה,mikhlalá,direct_cognate_he→ar
كم,kam,כמה,káma,direct_cognate_he→ar
كما,kamā,כמו,k'mó,direct_cognate_ar→he;direct_cognate_he→ar
كمون,kammūn,כמון,kamón,direct_cognate_he→ar;shared_borrowing_source
كنارة,kinnāra,כינור,kinór,shared_proto_semitic_root
كنارة,kinnāra,כנרת,kinéret,shared_proto_semitic_root
كنة,kanna,כלה,kalá,direct_cognate_ar→he
كندوج,kandūj,כד,kad,shared_borrowing_source
كنز,kanz,גנז,ganáz,direct_cognate_he→ar;shared_borrowing_source
كنز,kanz,גנזים,g'nazím,shared_borrowing_source
كنز,kanz,גניזה,g'nizá,shared_borrowing_source
كنعان,kanʕān,כנען,k'ná'an,direct_cognate_ar→he;direct_cognate_he→ar
كنف,kanafa,כנף,kanáf,direct_cognate_ar→he;direct_cognate_he→ar;shared_proto_semitic_root
كنيس,kanīs,כנסת,knéset,direct_cognate_ar→he
كنيسة,kanīsa,כנסיה,knesiyá,direct_cognate_he→ar
كنيسة,kanīsa,כנסת,knéset,direct_cognate_ar→he
كوالا لمبور,kuwālā lumbūr,קואלה לומפור,kuala lumpur,shared_borrowing_source
كور,kawwara,כור,kur,direct_cognate_he→ar;shared_borrowing_source
كورة,kūra,כור,kur,shared_borrowing_source
كوس,kūs,כוס,kos,shared_borrowing_source
كوكب,kawkab,כוכב,kokháv,shared_proto_semitic_root
كونلي,konlī,קונלי,kónli,shared_borrowing_source
كي,kay,כי,ki,direct_cognate_ar→he;direct_cognate_he→ar;shared_proto_semitic_root
كيس,kīs,כיס,kís,direct_cognate_ar→he;direct_cognate_he→ar
كيمياء,kīmiyāʔ,כימיה,khímya,direct_cognate_he→ar
كيوتو,kiyōtō,קיוטו,kyoto,shared_borrowing_source
لأك,laʔaka,מלאך,mal'ákh,direct_cognate_he→ar
لا,lā,לא,lo,direct_cognate_ar→he;direct_cognate_he→ar;shared_proto_semitic_root
لابتوب,lābtop,לפטופ,láptop,shared_borrowing_source
لاث,lāṯa,לש,lash,shared_proto_semitic_root
لب,lubb,לב,lev,direct_cognate_ar→he;direct_cognate_he→ar;shared_proto_semitic_root
لب,lubb,לבב,leváv,shared_proto_semitic_root
لبؤة,labuʔa,לביאה,l'vi'á,shared_proto_semitic_root
لبد,libd,לבד,levád,direct_cognate_he→ar
لبس,labisa,לבש,lavásh,direct_cognate_he→ar
لبن,laban,לבן,laván,direct_cognate_he→ar
لبن,laban,לבנה,l'vaná,direct_cognate_ar→he
لبنان,lubnān,לבן,laván,direct_cognate_ar→he
لبوة,labwa,לביא,laví,shared_proto_semitic_root
لحق,laḥiqa,לקח,lékakh,direct_cognate_he→ar
لحلاح,laḥlāḥ,כלך,kélekh,shared_borrowing_source
لحم,laḥm,לחם,lékhem,direct_cognate_ar→he;direct_cognate_he→ar
لدة,lida,לדה,ledá,direct_cognate_ar→he
لدة,lida,לידה,leydá,direct_cognate_he→ar
لسان,lisān,לשון,lashón,direct_cognate_ar→he;shared_proto_semitic_root
لص,liṣṣ,לסטים,listím,shared_borrowing_source
لعب,laʕiba,הלעיב,hil'ív,direct_cognate_he→ar
لغز,luḡz,לעז,lá'az,direct_cognate_he→ar
لفت,lafata,לפת,léfet,direct_cognate_ar→he;shared_proto_semitic_root
لكد,lakada,ליכוד,likúd,direct_cognate_he→ar
لكد,lakada,לכד,lakhád,direct_cognate_ar→he
لما,lammā,למה,láma,direct_cognate_he→ar
لماذا,li-māḏā,למה זה,láma zé,direct_cognate_he→ar
لندن,lundun,לונדון,lóndon,shared_borrowing_source
لهب,lahiba,להב,láhav,direct_cognate_ar→he
لهجة,lahja,להג,láhag,direct_cognate_he→ar
لو,,לו,lu,direct_cognate_ar→he;direct_cognate_he→ar
لوح,lawḥ,לוח,lúakh,direct_cognate_ar→he;direct_cognate_he→ar
ليث,layṯ,ליש,láyish,direct_cognate_ar→he;direct_cognate_he→ar
ليرة,layra,לירה,líra,shared_borrowing_source
ليس,laysa,יש,yésh,direct_cognate_ar→he;direct_cognate_he→ar
ليل,layl,ליל,láyil,direct_cognate_he→ar;shared_proto_semitic_root
ليل,layl,לילה,láyla,direct_cognate_he→ar;shared_proto_semitic_root
ليلة,layla,ליל,láyil,shared_proto_semitic_root
ليلة,layla,לילה,láyla,direct_cognate_ar→he;shared_proto_semitic_root
ما,mā,מה,ma,direct_cognate_ar→he;direct_cognate_he→ar
ماء,māʔ,מים,máyim,direct_cognate_ar→he;direct_cognate_he→ar;shared_proto_semitic_root
مات,māta,מת,mét,direct_cognate_ar→he;direct_cognate_he→ar;shared_proto_semitic_root
مالح,māliḥ,מלוח,malúakh,direct_cognate_ar→he;direct_cognate_he→ar
ماه,māha,מים,máyim,shared_proto_semitic_root
مايو,māyū,מאי,may,shared_borrowing_source
مايو,māyū,מקסימלי,maksimáli,shared_borrowing_source
مبارك,mubārik,ברוך,barúkh,direct_cognate_he→ar
مبنى,mabnan,מבנה,mivné,direct_cognate_ar→he;direct_cognate_he→ar
متة,matta,שחמט,shakhmát,shared_borrowing_source
متر,mitr,מטר,matár,shared_borrowing_source
متى,matā,מתי,matái,direct_cognate_ar→he;direct_cognate_he→ar
مثال,miṯāl,משל,mashál,direct_cognate_ar→he
مثل,maṯala,משל,mashál,direct_cognate_ar→he;direct_cognate_he→ar
مجد,majada,מגד,méged,direct_cognate_ar→he;direct_cognate_he→ar
مجدل,mijdal,מגדל,migdál,direct_cognate_ar→he
مجلة,majalla,מגילה,m'gilá,direct_cognate_he→ar
مجن,mijann,מגן,magén,direct_cognate_ar→he;direct_cognate_he→ar
محاسب,muḥāsib,חשב,khasháv,direct_cognate_ar→he
محافظة,muḥāfaẓa,מחוז,makhóz,direct_cognate_he→ar
محراب,miḥrāb,כרוב,kruv,direct_cognate_ar→he
محق,maḥaqa,מחק,mákhak,direct_cognate_ar→he;direct_cognate_he→ar
مخ,muḵḵ,מוח,móakh,shared_proto_semitic_root
مخزن,maḵzan,מחסן,makhsán,direct_cognate_ar→he;direct_cognate_he→ar
مخمس,muḵammas,מחומש,m'khumásh,direct_cognate_ar→he
مد,madda,מדד,madád,direct_cognate_he→ar
مدريد,madrīd,מדריד,madríd,shared_borrowing_source
مدينة,madīna,מדינה,m'diná,direct_cognate_ar→he;direct_cognate_he→ar
مر,marra,מור,mór,direct_cognate_he→ar
مر,marra,מר,mar,direct_cognate_ar→he;direct_cognate_he→ar;shared_borrowing_source
مرخ,maraḵa,מרח,marákh,direct_cognate_ar→he;direct_cognate_he→ar
مرخ,maraḵa,מרק,marák,direct_cognate_ar→he
مرش,maraša,מרץ,merts,direct_cognate_ar→he;direct_cognate_he→ar
مرصبان,marṣabān,מרציפן,martsipán,shared_borrowing_source
مرعى,marʕan,מרעה,mir'é,direct_cognate_ar→he;direct_cognate_he→ar
مرق,maraq,מרק,marák,direct_cognate_he→ar
مرقة,maraqa,מרק,marák,direct_cognate_ar→he;direct_cognate_he→ar
مركب,markab,מרכב,merkáv,direct_cognate_ar→he
مركب,markab,מרכבה,merkavá,direct_cognate_ar→he
مركبة,markaba,מרכבה,merkavá,direct_cognate_he→ar
مزاج,mizāj,מזג,mazág,direct_cognate_ar→he;direct_cognate_he→ar
مزج,mazaja,מזג,mazág,direct_cognate_he→ar
مزمار,mizmār,מזמור,mizmór,direct_cognate_he→ar
مسح,masaḥa,משח,mashákh,direct_cognate_ar→he;direct_cognate_he→ar
مسخ,masaḵa,מסכה,masekhá,direct_cognate_ar→he
مسك,masaka,משך,mashákh,direct_cognate_he→ar
مسكن,maskan,משכן,mishkán,direct_cognate_ar→he;direct_cognate_he→ar
مسكين,miskīn,מסכן,miskén,shared_borrowing_source
مسمار,mismār,מסמר,masmér,direct_cognate_ar→he;direct_cognate_he→ar
مسيح,masīḥ,משיח,mashíakh,direct_cognate_ar→he;direct_cognate_he→ar
مشرق,mašriq,מזרח,mizrákh,direct_cognate_he→ar
مشعر,mašʕar,שיער,se'ár,shared_proto_semitic_root;shared_borrowing_source
مشعر,mašʕar,שער,shá'ar,shared_proto_semitic_root;shared_borrowing_source
مص,maṣṣa,מצץ,matsáts,direct_cognate_ar→he;direct_cognate_he→ar
مصحف,muṣḥaf,מצחף,mitskháf,direct_cognate_he→ar
مصر,miṣr,מצרים,mitsráyim,direct_cognate_ar→he;direct_cognate_he→ar
مصطكى,muṣṭakā,מסטיק,mástik,shared_borrowing_source
مصطكى,muṣṭakā,מסטיקא,mastíka,shared_borrowing_source
مصيدة,maṣyada,מצודה,m'tsudá,direct_cognate_he→ar
مضحك,muḍḥik,מצחיק,matskhík,direct_cognate_ar→he;direct_cognate_he→ar
مطبخ,maṭbaḵ,מטבח,mitbákh,direct_cognate_ar→he;direct_cognate_he→ar
مطر,maṭara,מטר,matár,direct_cognate_he→ar
مع,maʕa,עם,am,direct_cognate_ar→he;direct_cognate_he→ar
معركة,maʕraka,מערכה,ma'arakha,direct_cognate_ar→he;direct_cognate_he→ar
معين,maʕīn,מעיין,ma'ayán,direct_cognate_ar→he
مغارة,maḡāra,מערה,m'ará,direct_cognate_ar→he;direct_cognate_he→ar
مغرب,maḡrib,מערב,ma'aráv,direct_cognate_ar→he;direct_cognate_he→ar
مفتاح,miftāḥ,מפתח,maftéakh,direct_cognate_ar→he;direct_cognate_he→ar
مقام,maqām,מקום,makóm,direct_cognate_ar→he;direct_cognate_he→ar
مقدس,maqdis,מקדש,mikdásh,direct_cognate_ar→he;direct_cognate_he→ar
مقلاع,miqlāʕ,מקלע,maklea',direct_cognate_ar→he
مكان,makān,מכון,makhón,direct_cognate_ar→he
مكر,makara,מכר,makhár,direct_cognate_ar→he
ملأ,malaʔa,מלא,malé,direct_cognate_ar→he;direct_cognate_he→ar
ملاح,mallāḥ,מלוח,malúakh,direct_cognate_he→ar
ملاح,mallāḥ,מלח,mélaḥ,direct_cognate_he→ar;shared_borrowing_source
ملاط,milāṭ,מלט,mélet,direct_cognate_ar→he;direct_cognate_he→ar
ملح,milḥ,מלח,mélaḥ,direct_cognate_he→ar
ملحمة,malḥama,מלחמה,milkhamá,direct_cognate_ar→he;direct_cognate_he→ar
ملحن,mulaḥḥin,מלחין,malkhín,direct_cognate_ar→he
ملك,malak,מלך,mélekh,direct_cognate_he→ar;shared_proto_semitic_root
مليء,malīʔ,מלא,malé,direct_cognate_ar→he
مليار,milyār,מיליארד,milyárd,shared_borrowing_source
ممثل,mumaṯṯil,ממשלה,memshalá,direct_cognate_he→ar
مملكة,mamlaka,ממלכה,mamlakhá,direct_cognate_ar→he;direct_cognate_he→ar
من,min,מן,min,direct_cognate_ar→he;direct_cognate_he→ar
من,min,מנה,maná,direct_cognate_ar→he
منار,manār,מנורה,m'norá,direct_cognate_ar→he
منارة,manāra,מנורה,m'norá,direct_cognate_ar→he;direct_cognate_he→ar
منجل,minjal,מגל,magál,direct_cognate_he→ar
منحة,minḥa,מנחה,minkhá,direct_cognate_ar→he;direct_cognate_he→ar
منخر,minḵar,נחיר,n'khír,direct_cognate_ar→he
منخل,minḵal,מוהל,mohél,direct_cognate_he→ar
منشار,minšār,מסור,masór,direct_cognate_ar→he;direct_cognate_he→ar
منشور,manšūr,מנסרה,minsará,direct_cognate_ar→he
منع,manʕ,מנע,maná',direct_cognate_ar→he;direct_cognate_he→ar
منهج,minhaj,מנהג,minhág,direct_cognate_he→ar
منى,manā,מנה,maná,direct_cognate_he→ar
منية,maniyya,מנה,maná,direct_cognate_he→ar
مهر,mahara,מהיר,mahír,direct_cognate_ar→he
مهر,mahara,מהר,mahér,direct_cognate_ar→he;direct_cognate_he→ar
مهر,mahara,מוהר,móhar,direct_cognate_he→ar
موت,mawt,מוות,mávet,direct_cognate_he→ar
موت,mawt,מות,mávet,direct_cognate_ar→he
مورفيم,mōrfēm,פלטפורמה,platfórma,shared_borrowing_source
موسم,mawsim,אשון,ashún,direct_cognate_he→ar
موسم,mawsim,מזומן,mezumán,direct_cognate_ar→he
موسيقى,mūsīqā,מוזיקה,múzika,direct_cognate_he→ar;shared_borrowing_source
موسيقى,mūsīqā,מוסיקה,músika,direct_cognate_he→ar
موعد,mawʕid,מועד,mo'éd,direct_cognate_he→ar
مولد,mawlid,מולדת,molédet,direct_cognate_ar→he;direct_cognate_he→ar
ميتة,mīta,מיתה,mitá,direct_cognate_he→ar
ميتوكندريون,mītūkundriyūn,מול,mul,shared_borrowing_source
ميكروب,mikrūb,מול,mul,shared_borrowing_source
ميل,mayila,מיל,míl,direct_cognate_ar→he
ميم,mīm,מם,mem,shared_borrowing_source
مين,mayn,מיין,miyén,shared_borrowing_source
ميناء,mīnāʔ,נמל,namél,direct_cognate_ar→he;shared_borrowing_source
ناب,nāba,דוד,dod,shared_proto_semitic_root
ناب,nāba,ידה,yadá,shared_proto_semitic_root
ناب,nāba,ירה,yará,shared_proto_semitic_root
ناب,nāba,כבד,kavéd,shared_proto_semitic_root
ناب,nāba,כיפר,kipér,shared_proto_semitic_root
ناب,nāba,כרוב,kruv,shared_proto_semitic_root
ناب,nāba,מחסנית,makhsanít,shared_proto_semitic_root
ناب,nāba,ניב,niv,direct_cognate_he→ar
ناب,nāba,צלחת,tsalákhat,shared_proto_semitic_root
نادر,nādir,נדיר,nadír,direct_cognate_ar→he
نار,nār,נור,nur,shared_proto_semitic_root
نار,nār,ניר,nir,shared_proto_semitic_root
نار,nār,נר,ner,shared_proto_semitic_root
نازي,nāziyy,נאצי,nátsi,shared_borrowing_source
ناصري,nāṣiriyy,נוצרי,notsrí,direct_cognate_he→ar
ناقة,nāqa,ינק,yanák,shared_proto_semitic_root
نام,nāma,נם,nám,direct_cognate_ar→he;direct_cognate_he→ar
نبأ,nabaʔ,ניבא,nibé,direct_cognate_ar→he
نبتون,nibtūn,נפטון,néptun,shared_borrowing_source
نبح,nabaḥa,נבח,navákh,direct_cognate_he→ar
نبع,nabaʕa,נבע,navá',direct_cognate_ar→he
نبي,nabiyy,נביא,naví,direct_cognate_ar→he;direct_cognate_he→ar
نترون,nūtrūn,ניטרון,neitrón,shared_borrowing_source
نتن,natana,נתן,natán,direct_cognate_ar→he;direct_cognate_he→ar
نجل,najala,נגר,nagár,direct_cognate_ar→he
نجل,najala,נכד,nékhed,direct_cognate_ar→he
نحاس,nuḥās,נחושת,n'khóshet,direct_cognate_ar→he;direct_cognate_he→ar
نحاس,nuḥās,נחש,nakhásh,shared_proto_semitic_root
نحس,naḥasa,נחש,nakhásh,direct_cognate_ar→he
نحل,naḥala,נחיל,n'khil,direct_cognate_ar→he
نحن,naḥnu,אנחנו,anákhnu,direct_cognate_ar→he;direct_cognate_he→ar;shared_proto_semitic_root
نحن,naḥnu,נחנו,nákhnu,shared_proto_semitic_root
نذر,naḏara,נדר,néder,direct_cognate_he→ar
نذر,naḏara,נזר,nézer,direct_cognate_he→ar
نرجس,narjis,נרקיס,narkís,shared_borrowing_source
نرجسية,narjisiyya,נרקיס,narkís,shared_borrowing_source
نزح,nazaḥa,זנח,zanákh,direct_cognate_ar→he;direct_cognate_he→ar
نسأ,nasaʔa,נשא,nasá,direct_cognate_he→ar
نسأ,nasaʔa,נשה,nashá,direct_cognate_he→ar
نساء,nasāʔ,נשים,nashím,direct_cognate_ar→he
نسخ,nasaḵa,נסח,nasákh,direct_cognate_he→ar
نسخة,nusḵa,נוסח,nusákh,direct_cognate_ar→he;direct_cognate_he→ar
نسمة,nasama,נשמה,neshamá,direct_cognate_ar→he
نسى,nassā,נישה,nísha,direct_cognate_he→ar
نسي,nasiya,נשה,nashá,direct_cognate_ar→he
نشأ,našaʔa,נשא,nasá,direct_cognate_he→ar;shared_proto_semitic_root
نشب,našiba,נשב,nasháv,direct_cognate_he→ar
نشم,našam,תנשמת,tinshémet,direct_cognate_ar→he
نصراني,naṣrāniyy,נוצרי,notsrí,direct_cognate_ar→he
نطف,naṭafa,נטף,naṭáf,direct_cognate_ar→he
نظر,naẓara,נצר,nétser,direct_cognate_he→ar
نعل,naʕala,נעל,ná'al,direct_cognate_ar→he;direct_cognate_he→ar
نعم,naʕama,נעים,na'ím,direct_cognate_he→ar
نعم,naʕama,נעם,na'ám,direct_cognate_ar→he;direct_cognate_he→ar
نعناع,naʕnāʕ,נענע,na'na',direct_cognate_ar→he
نغم,naḡm,נעימה,ne'imá,direct_cognate_he→ar
نفخ,nafaḵa,נפח,nafákh,shared_proto_semitic_root
نفر,nafara,סנפיר,s'napír,direct_cognate_he→ar
نفس,nafusa,נפש,néfesh,direct_cognate_he→ar;shared_proto_semitic_root
نفط,nifṭ,נפט,neft,shared_borrowing_source
نقاب,niqāb,נקבה,n'kevá,direct_cognate_ar→he
نقانق,naqāniq,נקניק,nakník,direct_cognate_ar→he;shared_borrowing_source
نقب,naqaba,נקב,nékev,direct_cognate_he→ar
نقر,naqara,נקר,nakár,direct_cognate_he→ar
نقطة,nuqṭa,נקודה,n'kudá,direct_cognate_ar→he;direct_cognate_he→ar
نقع,naqaʕa,נקע,naká,direct_cognate_he→ar
نقي,naqiyy,נקי,nakí,direct_cognate_ar→he;direct_cognate_he→ar
نكر,nakira,נכרי,nokhrí,direct_cognate_ar→he;direct_cognate_he→ar
نمر,namir,נמר,namér,direct_cognate_he→ar;shared_proto_semitic_root
نمش,namiša,נמש,némesh,direct_cognate_ar→he;direct_cognate_he→ar
نمل,naml,נמלה,nemalá,direct_cognate_ar→he;direct_cognate_he→ar
نهر,nahr,נהר,nahár,direct_cognate_he→ar;shared_proto_semitic_root
نهق,nahaqa,נהק,nahák,direct_cognate_he→ar
نوترون,nutrūn,ניטרון,neitrón,shared_borrowing_source
نوتي,nūtiyy,נווט,navát,shared_borrowing_source
نور,nawwara,נור,nur,direct_cognate_he→ar;shared_proto_semitic_root
نور,nawwara,ניר,nir,shared_proto_semitic_root
نور,nawwara,נר,ner,shared_proto_semitic_root
نون,nūn,נון,nun,shared_borrowing_source
نيء,nīʔ,נא,ná,direct_cognate_ar→he;direct_cognate_he→ar
نية,niyya,נא,ná,direct_cognate_ar→he;direct_cognate_he→ar
نيترون,nyutrūn,ניטרון,neitrón,shared_borrowing_source
نير,nayyir,מנור,manór,direct_cognate_he→ar;shared_borrowing_source
نينجا,nīnjā,נינג׳ה,nínja,shared_borrowing_source
نيوترون,nyutrūn,ניטרון,neitrón,shared_borrowing_source
ها,hā,ה־,ha-,direct_cognate_he→ar
هذا,hāḏā,הזה,hazé,direct_cognate_ar→he;direct_cognate_he→ar
هذا,hāḏā,זה,ze,direct_cognate_he→ar
هرد,harada,כלור,klór,shared_borrowing_source
هرس,harasa,הרס,héres,direct_cognate_he→ar
هل,hal,ה־,ha-,direct_cognate_he→ar
هلك,halaka,הלך,halákh,direct_cognate_ar→he;shared_proto_semitic_root
هم,hum,הם,hem,direct_cognate_he→ar
هن,hunna,הן,hen,direct_cognate_he→ar
هنأ,hanaʔa,נהנה,nehená,direct_cognate_ar→he
هنا,hunā,הנה,héna,direct_cognate_ar→he;direct_cognate_he→ar
هندوس,hindūs,הודו,hódu,shared_borrowing_source
هو,huwa,הוא,hu,shared_proto_semitic_root
هوى,hawan,הוא,hu,direct_cognate_he→ar
هوى,hawan,הוה,hĕwē,direct_cognate_he→ar
هوى,hawan,יהוה,YHWH,direct_cognate_he→ar
هي,hiya,היא,hi,shared_proto_semitic_root
هيكل,haykal,היכל,hekhál,direct_cognate_he→ar;shared_borrowing_source
هيه,hiyah,היא,hi,shared_proto_semitic_root
وئب,waʔiba,איב,ayáv,direct_cognate_he→ar
واحد,wāḥid,אחד,ekhád,shared_proto_semitic_root
وارسو,warsō,וורשה,vársha,shared_borrowing_source
وبل,wabala,יובל,yuvál,direct_cognate_he→ar
وتد,watada,יתד,yatéd,direct_cognate_ar→he;direct_cognate_he→ar
وتر,watara,יתר,yéter,direct_cognate_ar→he
وثيق,waṯīq,ותיק,vatík,direct_cognate_he→ar
ودع,wadaʕa,ידע,yéda,shared_proto_semitic_root
ودود,wadūd,ידיד,yadíd,direct_cognate_ar→he
وديد,wadīd,ידיד,yadíd,direct_cognate_he→ar
ورث,wariṯa,ירש,yarásh,direct_cognate_ar→he;direct_cognate_he→ar
ورد,warada,ורד,véred,direct_cognate_ar→he;direct_cognate_he→ar
ورد,warada,ורוד,varód,direct_cognate_he→ar
ورد,warada,ירד,yarád,direct_cognate_ar→he;direct_cognate_he→ar;shared_proto_semitic_root
ورد,warada,ירדן,hayardén,direct_cognate_he→ar
ورق,waraq,ירוק,yarók,direct_cognate_he→ar
ورق,waraq,ירק,yérek,shared_proto_semitic_root
ورك,warik,ירך,yarékh,direct_cognate_ar→he;direct_cognate_he→ar
وزن,wazana,מאזניים,moz'náyim,direct_cognate_he→ar
وسادة,wisāda,דוד,dod,shared_proto_semitic_root
وسادة,wisāda,ידה,yadá,shared_proto_semitic_root
وسادة,wisāda,יסוד,yesód,direct_cognate_ar→he;direct_cognate_he→ar
وسادة,wisāda,ירה,yará,shared_proto_semitic_root
وسادة,wisāda,כבד,kavéd,shared_proto_semitic_root
وسادة,wisāda,כיפר,kipér,shared_proto_semitic_root
وسادة,wisāda,כרוב,kruv,shared_proto_semitic_root
وسادة,wisāda,מחסנית,makhsanít,shared_proto_semitic_root
وسادة,wisāda,צלחת,tsalákhat,shared_proto_semitic_root
وصى,waṣṣā,ציווה,tsivá,direct_cognate_he→ar
وصية,waṣiyya,מצווה,mitsvá,direct_cognate_he→ar
وضؤ,waḍuʔa,יצא,yatsá,direct_cognate_ar→he
وعظ,waʕaẓa,יעץ,ya'áts,direct_cognate_ar→he
وعل,waʕala,יעל,ya'él,shared_proto_semitic_root
وعليكم السلام,wa-ʕalaykumu s-salāmu,עליכם שלום,alekhém shalóm,direct_cognate_he→ar
وفى,wafā,יפה,yafé,direct_cognate_he→ar
وقار,waqār,יקר,yakár,direct_cognate_ar→he;direct_cognate_he→ar;shared_proto_semitic_root
وقع,waqaʕa,יקע,yaká,direct_cognate_he→ar
وكل,wakkala,יכול,yakhól,direct_cognate_he→ar
ولادة,wilāda,הולדת,hulédet,direct_cognate_ar→he;direct_cognate_he→ar
ولد,walada,ילד,yéled,direct_cognate_ar→he;direct_cognate_he→ar;shared_proto_semitic_root
وليد,walīd,יליד,yalíd,direct_cognate_ar→he;direct_cognate_he→ar
وهب,wahaba,יהב,y'háv,direct_cognate_ar→he
ويبة,wayba,איפה,efó,shared_borrowing_source
ويسكي,wiskī,ויסקי,víski,shared_borrowing_source
يؤيؤ,yuʔyuʔ,איה,ayé,direct_cognate_ar→he
يئس,yaʔisa,התייאש,hitya'ésh,direct_cognate_he→ar
يئس,yaʔisa,ייאש,ye'ésh,direct_cognate_he→ar
يابسة,yābisa,יבשה,yabashá,direct_cognate_ar→he
ياقوت,yāqūt,יקינתון,yakintón,shared_borrowing_source
يبس,yabisa,יבש,yavésh,direct_cognate_ar→he
يتيم,yatīm,יתום,yatóm,direct_cognate_ar→he;direct_cognate_he→ar;shared_proto_semitic_root
يخت,yaḵt,יאכטה,yákhta,shared_borrowing_source
يد,yad,יד,yád,shared_proto_semitic_root
يد,yad,ידה,yadá,shared_proto_semitic_root
يربوع,yarbūʕ,עכבר,akhbár,direct_cognate_ar→he
يسر,yasura,אושר,'ósher,direct_cognate_he→ar
يسوع,yasūʕ,ישוע,yeshúa,direct_cognate_he→ar
يسير,yasīr,ישר,yashár,direct_cognate_ar→he;direct_cognate_he→ar
يشب,yašb,ישפה,yošp̄e,direct_cognate_ar→he
يشم,yašm,ישפה,yošp̄e,direct_cognate_he→ar
يعني,yaʕnī,יען,ya'en,direct_cognate_ar→he
يم,yamm,ים,yam,direct_cognate_ar→he
يمين,yamīn,ימין,yamín,shared_proto_semitic_root
يناير,yanāyir,ינואר,yánuar,shared_borrowing_source
يود,yūd,יוד,yod,shared_borrowing_source
يورانيوم,yurānyum,אורניום,urányum,shared_borrowing_source
يوليو,yūlyū,יולי,yúli,shared_borrowing_source
يوم,yawm,יום,yom,direct_cognate_he→ar;shared_proto_semitic_root
يونيو,yūnyū,יוני,yúni,shared_borrowing_source
