arabic,arabic_romanization,hebrew,hebrew_romanization,pansemitic,meaning
آتَى,ʔātā,נָאוֹת,na'ót,naʔata,to agree with
آدَم,ʔādam,אָדָם,adám,ʔadami,man
آدَم,ʔādam,דָּם,dam,dam,human
آس,ʔās,הֲדַס,haḏás,ʔadas,myrtle (Myrtus gen. et spp.)
آشُور,ʔāšūr,אַשּׁוּר,ashúr,ʔašur,"Assyria (an ancient Semitic Akkadian kingdom and at times an empire, extant from the mid-23rd century BCE to 608 BCE and centred on the Upper Tigris river in northern Mesopotamia (present day northern Iraq, but at its maximum extent including parts of modern Iran, Syria, Israel, Palestine and Egypt))"
آمَنَ,ʔāmana,הֶאֱמִין,he'emín,hiʔamana,to believe
آمُون,ʔāmūn,אָמוֹן,amon,yamanuw,Amun
آيَة,ʔāya,אוֹת,ot,ʔawayat,"sign, token"
أَب,ʔab,אַבָּא,ába,ʔabw,father
أَب,ʔab,אָב,áv,ʔabw,"ancestor, forefather"
أَبُو ظَبْي,ʔabū ẓaby,אַבּוּ דַאבִּי,abu dábi,ʔabu ṣaby,"Abu Dhabi (the capital city of the United Arab Emirates; the capital of Abu Dhabi Emirate, United Arab Emirates)"
أَبْرِيل,ʔabrīl,אַפְּרִיל,apríl,ʔaprilis,April (fourth month of the Gregorian calendar)
أَبْنُوس,ʔabnūs,הׇבְנֶה,hovné,hibni,ebony (Diospyros ebenum tree and wood)
أَتَان,ʔatān,אָתוֹן,atón,ʔatan,"she-ass, female donkey, jenny"
أَثْل,ʔaṯl,אֵשֶׁל,éshel,ʔasil,"tamarisk (Tamarix spp., particularly Tamarix aphylla)"
أَحَد,ʔaḥad,אֶחָד,ekhád,ʔaxad,one
أَحَد,ʔaḥad,חַד,khad-,ʔaxad,one
أَحْلَى,ʔaḥlā,אַחְלָה,ákhla,ʔaxla,better; best
أَحْيَا,ʔaḥyā,הֶחֱיָה,hekheyá,ʔaxiya,"to restore to life, to revive; to restore, to reinstitute"
أَخ,ʔaḵ,אָח,ákh,ʔaxw,brother
أَخ,ʔaḵ,אָחִי,akhí,ʔaxi,brother
أَخَذَ,ʔaḵaḏa,אָחַז,akház,ʔaxaza,"to seize, to grab, to take hold"
أَذَرْبَيْجَان,ʔaḏarbayjān,אָזֶרְבַּיְגָ׳ן,azerbayján,ʔazarbayjan,[from 20th c.] Azerbaijan (a country in the South Caucasus in Asia and Europe)
أَذْكَرَ,ʔaḏkara,הִזְכִּיר,hizkír,ʔazkara,"to remind, to call to mind"
أَرَم,ʔaram,אֲרַם,arám,ʔaram,Aram (a Biblical region located in modern Syria)
أَرَى,ʔarā,הֶרְאָה,her'á,ʔara,to show
أَرِسْطَاطَالِيس,ʔarisṭāṭālīs,אֲרִיסְטוֹ,arísto,ʔaristatilis,Aristotle
أَرِسْطُو,ʔarisṭū,אֲרִיסְטוֹ,arísto,ʔarisṭu,Aristotle
أَرِيزُونَا,ʔarīzūnā,אָרִיזוֹנָה,arizóna,ʔarizauna,"Arizona (a state in the southwestern United States, established 1912)"
أَرْبَعَة,ʔarbaʕa,אַרְבָּעָה,arba'á,ʔarbaʕ,four
أَرْخَبِيل,ʔarḵabīl,אַרְכִיפֶּלָג,arkhipélag,ʔaršipilaga,archipelago
أَرْز,ʔarz,אֶרֶז,érez,ʔariz,cedar (Cedrus gen. et spp.)
أَرْض,ʔarḍ,אֶרֶץ,érets,ʔarṣ,"country, land"
أَرْمَلَة,ʔarmala,אַלְמָנָה,almaná,ʔarmala,widow
أَرْنَب,ʔarnab,אַרְנָב,arnáv,ʔarnab,rabbit (mammal)
أَزَرَ,ʔazara,עָזַר,'azár,ʔazara,"to strengthen, to support"
أَزَّرَ,ʔazzara,עָזַר,'azár,ʔazara,"to strengthen, to roborate, to support"
أَزْعَر,ʔazʕar,זָעִיר,za'ir,ʔazʕar,thin-haired
أَسَرَ,ʔasara,אָסַר,asár,ʔasar,"to bind, to fetter"
أَسِير,ʔasīr,אָסִיר,asír,ʔasir,"prisoner of war, captive"
أَسْقَى,ʔasqā,הִשְׁקָה,hishká,ʔasqa,to give drink
أَصِيص,ʔaṣīṣ,עָצִיץ,atsíts,ʔaṣiṣ,flowerpot
أَصِيل,ʔaṣīl,אָצִיל,atsíl,ʔaṣil,noble
أَصْهَب,ʔaṣhab,צָהֹב,tsahóv,ʔaṣhab,of a color that is a mix of yellow and red; yellow-red or brownish-red; rufous
أَغُسْطُس,ʔaḡusṭus,אוֹגוּסְט,ogúst,ʔaugustus,August (eighth month of the Gregorian calendar)
أَفْعًى,ʔafʕan,אֶפְעֶה,ef'é,ʔapʕaw,viper (venomous snake in the family Viperidae)
أَقَامَ,ʔaqāma,הֵקִים,hekím,ʔaqama,"to set up, to erect"
أَكَلَ,ʔakala,אִכֵּל,ikél,ʔakal,"to eat, to consume (food)"
أَكَلَ,ʔakala,אָכַל,akhál,ʔakal,"to eat, to consume (food)"
أَكَلَ,ʔakala,אֹֽכֶל,ókhel,ʔakala,"to eat, to consume (food)"
أَكَلَ,ʔakala,אֻכַּל,ukál,ʔakal,"to gnaw, to eat away, to abrade, to corrode, to erode; to destroy"
أَكَّار,ʔakkār,אִכָּר,ikár,ʔikarum,"farmer, tiller, cultivator of land"
أَكَّلَ,ʔakkala,אֹֽכֶל,ókhel,ʔakala,"to give (something) to eat, to feed"
أَكْل,ʔakl,אֹֽכֶל,ókhel,ʔakil,"food, fodder, feed"
أَلَاسْكَا,ʔalāskā,אָלָסְקָה,aláska,ʔalaska,"Alaska (a state of the United States, formerly a territory)"
أَلِكْسَنْدَرُوس,ʔaliksandarūs,אָלֶכְּסָנְדֶר,aleksánder,ʔaliksandras,"a male given name from Ancient Greek, equivalent to English Alexander"
أَلْبُوم,ʔalbūm,אַלְבּוֹם,albóm,ʔalbu,album
أَلْف,ʔalf,אֶלֶף,élef,ʔalp,thousand
أَلْيَة,ʔalya,אַלְיָה,'alyá,ʔalyat,"fat tail, tail fat"
أَمَاتَ,ʔamāta,הֵמִית,hemít,ʔamata,to cause to die
أَمَة,ʔama,אָמָה,amá,ʔamat,female slave
أَمْس,ʔams,אֶמֶשׁ,émesh,ʔamis,yesterday
أَنَا,ʔana,אֲנִי,aní,ʔanaku,ego
أَنَا,ʔana,אָנֹכִי,anokhí,ʔanaku,I (first person singular subject pronoun)
أَنِمِي,ʔanimī,אָנִימֶה,ánime,ʔanimi,anime (Animated works that originated in Japan)
أَنْتَ,ʔanta,אַתָּה,atá,ʔanta,"you, thou (masculine singular subject pronoun)"
أَنْتُمْ,ʔantum,אַתֶּם,atém,ʔantum,"you, ye (masculine plural subject pronoun)"
أَنْتُنَّ,ʔantunna,אַתֶּן,atén,ʔantin,"you, ye (feminine plural subject pronoun)"
أَنْتِ,ʔanti,אַתְּ,át,ʔanti,"you, thou (feminine singular subject pronoun)"
أَنْف,ʔanf,אַף,af,ʔanp,nose
أَهْلًا,ʔahlan,אַהְלָן,áhlan,ʔahlan,hi
أَوْ,ʔaw,אוֹ,'o,ʔaw,indicates an inclusive disjunction
أَوْرَانِيَا,ʔawrāniyā,אוּרַנְיָה,uránya,ʔurania,"Urania, the Muse of astronomy."
أَيَّل,ʔayyal,אַיָּל,ayál,ʔayal,"stag, hart; deer"
أُتُوبِيس,ʔotobīs,אוֹטוֹבּוּס,ótobus,ʔatabys,bus; autobus
أُخُوَّة,ʔuḵuwwa,אַחֲוָה,akhavá,ʔuxuwa,"brotherhood, fraternity"
أُخْت,ʔuḵt,אָחוֹת,akhót,ʔaxwat,sister
أُذُن,ʔuḏun,אֹזֶן,ózen,ʔuzn,ear
أُسّ,ʔuss,יְסוֹד,yesód,yiʔus,"foundation, groundwork, basis"
أُسْقُف,ʔusquf,בִּישׁוֹף,bishóf,ʔipiskapas,bishop
أُفُق,ʔufuq,אֹפֶק,ófek,ʔupuq,horizon
أُكَّاف,ʔukkāf,אֻכָּף,ukáf,ʔukaf,"a saddle, a packsaddle (typically of an ass)"
أُكُل,ʔukul,אֹֽכֶל,ókhel,ʔukul,food
أُكْتُوبِر,ʔuktūbir,אוֹקְטוֹבֶּר,október,ʔaktabir,October (tenth month of the Gregorian calendar)
أُكْلَال,ʔuklāl,יוקולילי,yukuleyli,yukalili,ukulele
أُكْلَة,ʔukla,אׇכְלָה,okhlá,ʔukla,"morsel, bit of food"
أُمَّة,ʔumma,אֻמָּה,'umá,ʔuma,"community, people, nation"
أُمّ,ʔumm,אִמָּא,'íma,ʔim,mother
أُمّ,ʔumm,אֵם,em,ʔim,mother
أُنَاس,ʔunās,אֱנוֹשׁ,enósh,ʔinaš,"persons, people"
أُنْبُوب,ʔunbūb,אַבּוּב,abúv,ʔibubum,"tube, pipe"
أُنْثَى,ʔunṯā,אִשָּׁה,ishá,ʔans-at,a female
أُوبِرَا,ʔobira,אוֹפֵּרָה,ópera,ʔapira,opera
أُورَانُوس,ʔūrānūs,אוּרָנוּס,uránus,ʔuranas,Uranus
أُوسَاكَا,ʔūsākā,אוֹסָקָה,ósaka,ʔasaka,"Osaka (the capital city of Osaka Prefecture, Japan)"
أُونْسَة,ʔunsa,אִינְץ׳,ínch,ʔunsa,ounce
أُونْصَة,ʔunṣa,אִינְץ׳,ínch,ʔunṣa,ounce
أُوَار,ʔuwār,אוֹר,'ór,ʔuwar,"heat, blaze (the intense heat of the sun or fire)"
إِبْزِيم,ʔibzīm,אַבְזָם,avzám,ʔibzim,"clasp, buckle (of a belt or shoe or surcingle etc.)"
إِبْهَام,ʔibhām,בֹּהֶן,bóhen,ʔibaham,big toe
إِثْم,ʔiṯm,אַשְׁמָה,ashmá,ʔisma,"sin, guilt, wrongdoing, mistake"
إِجَّاص,ʔijjāṣ,אַגָּס,agás,ʔangašu,"pears (the fruits as well as the tree, the whole genus Pyrus)"
إِرْمِيَا,ʔirmiyā,יִרְמְיָה,yirm'yá,yirmya,"Jeremiah, Jeremias, Jeremy (prophet)"
إِزْمِيل,ʔizmīl,אִזְמֵל,izmél,zmili,"chisel, scraper, shoe-knife"
إِسْتَاد,ʔistād,אִצְטַדְיוֹן,itstadyón,stadian,stadium
إِسْحَاق,ʔisḥāq,יִצְחָק,yitskhák,yiṣxaq,"a male given name, Ishaq or Ishak, equivalent to English Isaac or Yitzchak"
إِسْفَنْج,ʔisfanj,סְפוֹג,sfog,spangas,sponge
إِسْمَاعِيل,ʔismāʕīl,יִשְׁמָעֵאל,yishma'él,yišmaʔil,"Ishmael, Ismail"
إِصْبَع,ʔiṣbaʕ,אֶצְבַּע,étsba,ʔiṣbaʕ,"finger, toe"
إِطْرِيَة,ʔiṭriya,אִטְרִיָּה,itriyá,ʔitrian,thin noodles or vermicelli cooked in broth
إِقْلِيم,ʔiqlīm,אַקְלִים,aklím,ʔiqlim,"region, climate (geographical area of the earth, particularly a zone of latitude)"
إِلَى,ʔilā,אֶל,el,ʔila,"to, towards"
إِلَّا,ʔillā,אֶלָּא,elá,ʔila,"no more than; nothing more than; nothing but or no one but; only, but"
إِلّ,ʔill,אֱלוֹהַּ,elóah,ʔil,"god, deity, God, El"
إِلّ,ʔill,אֵל,el,ʔil,"god, deity, God, El"
إِلٰه,ʔilāh,אֱלוֹהַּ,elóah,ʔil,"a god, a deity, a divinity"
إِلٰه,ʔilāh,אֵל,el,ʔil,"a god, a deity, a divinity"
إِمَام,ʔimām,אִימָאם,imám,ʔimam,imam
إِن,ʔin,אִם,im,šim,"if (possible, not contrary to fact)"
إِنْتَرْنَت,ʔintarnat,אִינְטֶרְנֶט,ínternet,ʔintanit,Internet
إِوَزّ,ʔiwazz,אֲוָז,aváz,ʔiwaz,goose
إِيدْز,ʔīdz,אֵיְדְּס,éyds,ʔidz,AIDS
التَّلْمُود,at-talmūd,תַּלְמוּד,talmúd,talmud,Talmud
التَّوْرَاة,at-tawrāh,תּוֹרָה,torá,tara,"the Torah, Pentateuch"
الدَّار الْبَيْضَاء,ad-dār al-bayḍāʔ,קָזַבְּלַנְקָה,kazablánka,ʔadar albayṣaʔ,"Casablanca (the capital city of the region of Casablanca-Settat, Morocco)"
السَّبْت,as-sabt,שַׁבָּת,shabát,šabat,the Sabbath
السَّلَامُ عَلَيْكُمْ,as-salāmu ʕalaykum,שָׁלוֹם עֲלֵיכֶם,shalóm alekhém,salamuʕalaykum,"peace be upon you; good day; hello; hail, salaam alaikum, assalamu alaikum"
الصِّين,aṣ-ṣīn,סִין,sin,tsina,China (a region and country in East Asia)
الفَاسِخ,al-fāsiḵ,פֶּסַח,pésakh,pasix,"Passover, Pesach"
اللّٰه,allāh,אֱלוֹהַּ,elóah,ʔalah,God
اللّٰه,allāh,אֲללַּהּ,alláh,ʔalah,God
النَّقَب,an-naqab,נֶגֶב,négev,nigiw,the Negev (a desert in Israel)
النِّيل,an-nīl,נִילוּס,nilus,nilas,the Nile
الْأُرْدُن,al-ʔurdun,יַרְדֵּן,yardén,ʔurdun,Jordan (a country in West Asia in the Middle East)
الْإِسْكَنْدَر,al-ʔiskandar,אָלֶכְּסָנְדֶר,aleksánder,ʔaliksandras,Alexander
الْبَحْرَيْن,al-baḥrayn,בַּחְרֵיְן,bakhréyn,ʔalbaxrayn,Bahrain (a nation in Asia)
الْعِبْرِيَّة,al-ʕibriyya,עִבְרִית,ivrít,ʕibrit,Hebrew (language)
الْعِرَاق,al-ʕirāq,עיראק,'irák,ʔalʕiraq,Iraq (a country in Asia)
الْفُرَات,al-furāt,פְּרָת,p'rát,puratu,the Euphrates
الْقَاهِرَة,al-qāhira,קָהִיר,kahír,ʔalqahira,Cairo (the capital city of Egypt)
الْقُرْآن,al-qurʔān,קֻרְאָן,kur'án,ʔalqurʔan,the Qur’an
الْقِرِم,al-qirim,קְרִים,krim,qurum,"Crimea (a geographic region and peninsula in Eastern Europe, jutting out into the Black Sea; de facto occupied and annexed in 2014 as a republic of Russia, but internationally recognized as an autonomous republic of Ukraine :)"
الْمَكْسِيك,al-maksīk,מֶקְסִיקוֹ,méksiko,mixika,Mexico (a country in North America)
الْهِنْد,al-hind,הֹדּוּ,hódu,hiduš,India (country in Asia)
الْيَابَان,al-yābān,יַפָּן,yapán,yapan,Japan (a country and archipelago of East Asia)
اَلتَّنَاخ,at-tanāḵ,תָּנָ״ךְ,tanákh,tanax,"Tanach, Bible"
اَلرَّحْمٰن,ar-raḥmān,הָרַחֲמָן,haraḥaman,haraxaman,"God, the Most Merciful (one of the 99 Names of Allah)"
اَلْمِشْنَاه,al-mišnāh,מִשְׁנָה,mishná,mišni,"Mishna, Mishnah"
اِبْن,ibn,אִבְּן,ibn,ʔibn,son
اِبْن,ibn,בֵּן,bén,bin,son
اِبْن,ibn,ן׳,,ʔibn,son
اِثْنَان,iṯnān,שְׁנַייִם,sh'náyim,sin,two
اِسْتَعْرَبَ,istaʕraba,הִסְתַּעֲרֵב,hista'arév,ʔistaʕraba,"to assimilate oneself to the Arabs, to become an Arab, to adopt the customs of the Arabs"
اِسْتَعْرَبَ,istaʕraba,מִסְתַּעֲרֵב,mista'arév,ʔistaʕraba,"to assimilate oneself to the Arabs, to become an Arab, to adopt the customs of the Arabs"
اِسْم,ism,שֵׁם,shem,sim,name
اِقْتَنَى,iqtanā,קָנָה,kaná,ʔiqtana,to acquire
اِمْرَأَة,imraʔa,נָשִׁים,nashím,ʔimraʔam,woman
اِنْتَقَمَ,intaqama,נָקַם,nakám,ʔintaqama,to take revenge
اِنْتِفَاضَة,intifāḍa,אִנְתִּיפָדָה,intifáda,ʔintipaṣa,instance noun of اِنْتَفَضَ (intafaḍa)
اِنْتِقَام,intiqām,נְקָמָה,nekamá,ʔintiqama,"revenge, vengeance"
بالُون,bālūn,בָּלוֹן,balón,bala,balloon
بَأْسَاء,baʔsāʔ,בָּאסָה,bása,baʔsaʔ,"adversity, affliction, distress, calamity"
بَاءَ,bāʔa,בָּא,ba,baʔa,"to return, to come back"
بَابُونَج,bābūnaj,בַּבּוֹנָג,babonág,babunaj,"camomile (Matricaria gen., Anthemis gen. and Chamaemelum gen.)"
بَابِل,bābil,בָּבֶל,bavél,babilim,"Babylon (an ancient city, the ancient capital of Babylonia in modern Iraq, built on the banks of the Euphrates)"
بَادَ,bāda,אָבַד,avád,ʔabada,"to perish, to die, to become extinct"
بَار,bār,בָּאר,bár,bar,bar (place where alcoholic beverages are sold)
بَار,bār,בָּר,bar,bar,bar (place where alcoholic beverages are sold)
بَارَكَ,bāraka,בֵּרֵךְ,berékh,baraka,to bless
بَاز,bāz,בַּז,baz,baz,hawk
بَالِيه,bālēh,בָּלֵט,balét,bali,ballet
بَرَأَ,baraʔa,בָּרָא,bará,baraʔa,"to create, to bring into being"
بَرَد,barad,בָּרָד,barád,barad,"hail, hailstones"
بَرَقَ,baraqa,בָּרָק,barák,baraq,to produce lightning
بَرَكَ,baraka,בֶּרֶךְ,bérekh,birk,to kneel down
بَرَكَ,baraka,בָּרַךְ,barákh,birk,to kneel down
بَرَكَة,baraka,בְּרָכָה,b'rakhá,baraka,"bliss, blessing, boon"
بَرِحَ,bariḥa,בָּרַח,barákh,barixa,"to leave, to depart"
بَرّ,barr,בַּר,bar,bar,"true, sincere"
بَرْبَرَ,barbara,בִּרְבֵּר,birbér,barbara,"to grumble, to babble, to blether"
بَرْق,barq,בָּרָק,barák,baraq,flash of lightning
بَسِيط,basīṭ,פָּשׁוּט,pashút,basiṭ,"easy, simple"
بَشَر,bašar,בָּשָׂר,basár,basar,human
بَشَّرَ,baššara,בִּשֵּׂר,bisér,bašara,to bring good news (to)
بَصَل,baṣal,בָּצָל,batsál,baṣal,onion
بَطَاطَا,baṭāṭā,בָּטָטָה,batáta,batata,sweet potato
بَطَل,baṭal,בָּטֵל,batél,baṭal,"heroic, courageous"
بَطَّلَ,baṭṭala,בִּטֵּל,bitél,baṭal,"to nullify, to invalidate, to render ineffective, to rescind, to repeal, to revoke"
بَطْن,baṭn,בֶּטֶן,béten,baṭin,"stomach, abdomen"
بَعْل,baʕl,בְּעָל,bə'al,baʕl,"lord, master, owner, possessor"
بَعْل,baʕl,בַּעַל,bá'al,baʕl,"lord, master, owner, possessor"
بَقَر,baqar,בָּקָר,baqár,baqar,"cattle, oxen"
بَقَرَة,baqara,בָּקָר,baqár,baqara,cow
بَكَى,bakā,בִּכָּה,biká,baka,"to cry, to weep (over)"
بَكَى,bakā,בָּכָה,bakhá,baka,"to cry, to weep (over)"
بَلَاتِين,balātīn,פְּלָטִינָה,platína,balatina,platinum
بَلَعَ,balaʕa,בָּלַע,balá,balaʕa,to swallow
بَلُّوط,ballūṭ,בַּלּוּט,balút,baluṭ,acorn
بَلِيَ,baliya,בִּלָּה,bilá,baliya,to wear out
بَلِيَ,baliya,בָּלָה,balá,baliya,to wear out
بَنَى,banā,בָּנָה,baná,banay,"to build, to construct, to raise"
بَنْزِين,banzīn,בֶּנְזִין,benzín,banzin,"petrol, gasoline"
بَنْك,bank,בַּנְק,bánk,bankiz,bank
بَهِيمَة,bahīma,בְּהֵמָה,behemá,bihima,"beast, head of cattle"
بَوْسَة,bawsa,בּוּסָה,búsa,bawsa,a kiss
بَيْت,bayt,בַּיִת,báyit,bayt,"house, building"
بَيْت الْمَقْدِس,bayt al-maqdis,בֵּית ־הַמִּקְדָּשׁ,béit-hamikdásh,baiythalmaqdis,the Temple in Jerusalem
بَيْض,bayḍ,בֵּיצָה,betsá,bayṣa,eggs
بَيْلَسَان,baylasān,אֲפַרְסְמוֹן,afarsemón,balsaman,"Myroxylon, especially Myroxylon balsamum"
بَيْنَ,bayna,בֵּין,ben,bayna,between (“in the position or interval that separates two things”)
بُرّ,burr,בָּר,bar,bur,wheat
بُرْغُوث,burḡūṯ,פַּרְעוֹשׁ,par'ósh,purgus,flea
بُرْغِيّ,burḡiyy,בֹּרֶג,bóreg,burgiy,"screw, bolt, a threaded metal fastener"
بُسْر,busr,בֹּסֶר,bóser,busir,unripe dates
بُسْطُن,busṭun,בּוֹסְטוֹן,bóston,bastan,"Boston (the capital and largest city of Massachusetts, United States)"
بُنْيَان,bunyān,בִּנְיָן,binyɔn,bunyan,"building, structure (edifice)"
بُوسْطُن,bōsṭon,בּוֹסְטוֹן,bóston,bastan,"Boston (the capital and largest city of Massachusetts, United States)"
بُوقِيصَا,būqīṣā,בּוּקִיצָה,bukítsa,buqiṣa,elm (Ulmus gen. et spp.)
بِئْر,biʔr,בְּאֵר,be'ér,biʔr,"well, spring, water-pit"
بِرِيطانِيَا,birīṭāniyā,בְּרִיטַנְיָה,británya,britania,"Britain (great Britain, a large island (sometimes also including some of the surrounding smaller islands) off the north-west coast of Western Europe, made up of England, Scotland, and Wales; especially (but not exclusively) during antiquity)"
بِشَارَة,bišāra,בְּשׂוֹרָה,b'sorá,bisara,"good news, gospel"
بِطِّيخ,biṭṭīḵ,אֲבַטִּיחַ,avatíakh,ʔabiṭiax,"watermelon, watermelons"
بِكْر,bikr,בְּכוֹר,b'khór,bikar,firstborn child
بِكْر,bikr,בִּכּוּר,bikúr,bikur,firstborn child
بِلَا,bilā,בְּלֹא,b'ló,bila,without
بِنَاء,bināʔ,בְּנִיָּה,bəniyyɔ̂,binaʔa,"building, construction (act of)"
بِنْت,bint,בַּת,bat,bint,girl
بِيتْزَا,bītzā,פִּיצָה,pítsa,pitsa,pizza
بِيرَة,bīra,בִּירָה,birá,bia,beer
بِيرُقْرَاطِيَّة,bīruqrāṭiyya,בִּירוֹקְרַטְיָה,berokrátya,byrakrasi,bureaucracy
بِيلَارُوسِيَا,bīlārūsiyā,בֵּלָארוּס,belarús,bila rus,Belarus (a country in Europe)
بْرَاغ,brāḡ,פְּרָג,prag,praha,Prague (the capital city of the Czech Republic)
بْلَاسْتِيك,blastīk,פְּלָסְטִיק,plástik,plastikus,plastic
بْلُوتُو,blūtū,פּלוּטוֹ,plúto,plutau,Pluto (dwarf planet)
بْن,bn,אִבְּן,ibn,bin,alternative form of اِبْن (ibn)
بْن,bn,ן׳,,bin,alternative form of اِبْن (ibn)
تَابُوت,tābūt,תֵּבָה,tevá,jibat,"coffin, casket, sarcophagus"
تَارَة,tāra,דּוֹר,dor,tara,a time
تَارِيخ,tārīḵ,תַּאֲרִיךְ,ta'aríkh,warx,"date, time"
تَبْرِيز,tabrīz,תבריז,tabriz,tabriz,"Tabriz (a city in East Azerbaijan Province, Iran)"
تَحْتَ,taḥta,תַּחַת,tákhat,taxta,under
تَحْتُ,taḥtu,תַּחַת,tákhat,taxatu,below
تَدْمُر,tadmur,תַּדְמוֹר,Tadmór,tadmur,"Palmyra, an ancient city in the Syrian Desert, in present-day central Syria, recorded historically from around 2000 BCE."
تَرَّسَ,tarrasa,תְּרִיס,tris,tyrias,"to shield, to defend with a shield"
تَرْجَمَ,tarjama,תִּרְגֵּם,tirgém,targama,to translate
تَلّ,tall,תֵּל,tél,tal,"heap of sand, hillock, mound, knob"
تَمَام,tamām,תָּמִים,tamím,tamam,"complete, whole, entire, full"
تَمَرَّدَ,tamarrada,מֶרֶד,méred,marad,"to rebel, to revolt"
تَمَرَّدَ,tamarrada,מַרְדָנוּת,,marad,"to rebel, to revolt"
تَمَرَّدَ,tamarrada,מָרַד,marád,marad,"to rebel, to revolt"
تَمَلَّأَ,tamallaʔa,הִתְמַלֵּא,hitmalé,hitamalaʔa,to be or become filled or full
تَمَّ,tamma,תַּם,tám,tama,"to be fulfilled, to be completed"
تَمَّ,tamma,תֹּם,tóm,tama,"to be fulfilled, to be completed"
تَمْر,tamr,תָּמָר,tamár,tamar,date (fruit)
تَنُّور,tannūr,תַּנּוּר,tanúr,tinurum,"oven, furnace, kiln"
تَنْوِين,tanwīn,תַּנְוִין,tanwín,tanwin,nunation
تَوْأَم,tawʔam,תְּאוֹם,te'óm,tawʔam,"one who was born of a multiple birth, i.e. a twin, triplet, quadruplet, etc."
تَيْس,tays,תַּיִשׁ,táyish,tayis,"a male goat; billy goat, he-goat"
تُرُنْج,turunj,אֶתְרוֹג,etróg,matulunga,citron (Citrus medica fruit and tree)
تُرْجُمَان,turjumān,תֻּרְגְּמָן,turg'mán,turguman,translator
تُرْس,turs,תְּרִיס,tris,tyrias,"shield, scutum"
تُفَّاح,tuffāḥ,תַּפּוּחַ,tapúakh,tufuax,"apple, apples"
تِبْن,tibn,תֶּבֶן,téven,tibin,straw; hay
تِسْعُون,tisʕūn,תִּשְׁעִים,tišʻīm,tisʕun,ninety
تِقن,tiqn,תִּקֵּן,tikén,tiqin,"improvement, refinement"
تِقن,tiqn,תִּקּוּן,tikún,tiqun,"improvement, refinement"
تِلِغْرَاف,tiliḡrāf,טֶלֶגְרָף,télegraf,tiligraf,telegraph
تِلِفُون,tilifūn,טֵלֵפוֹן,télefon,tilifan,telephone
تِلِفِزْيُون,tilifizyūn,טֶלֶוִיזְיָה,televízya,tiliwizya,"television, TV"
تِلْفَاز,tilfāz,טֶלֶוִיזְיָה,televízya,tiliwizya,television (medium or device for receiving television signals)
تِلْمِيذ,tilmīḏ,תַּלְמִיד,talmíd,talmid,"pupil, student, disciple"
تِمْسَاح,timsāḥ,תִּמְסָח,timsakh,timsax,"crocodile, alligator"
تِين,tīn,תְּאֵנָה,te'ená,tiʔin,fig (fruit and tree)
تِيَاتْر,tiyātr,תֵּאַטְרוֹן,teatrón,tiatran,theater
تْرَانْزِسْتُور,tranzistur,טְרַנְזִיסְטוֹר,tranzístor,tranzistar,transistor
تْسَار,tsār,צָאר,tsár,tsar,tzar
ثَابَ,ṯāba,שָׁב,sháv,saba,"to return, to come back"
ثَانِيَة,ṯāniya,שְׁנִיָּה,sh'niyá,saniya,feminine singular of ثَانٍ (ṯānin)
ثَبَرَ,ṯabara,שִׁבֵּר,shibér,sabar,"to destroy, to devastate, to ruin, to wreck"
ثَبَرَ,ṯabara,שֻׁבַּר,shubár,sabar,"to destroy, to devastate, to ruin, to wreck"
ثَدْي,ṯady,שָׁד,shad,sadaʔa,breast
ثَعْلَب,ṯaʕlab,שׁוּעָל,shu'ál,saʕlab,fox (Vulpes vulpes)
ثَقَلَ,ṯaqala,שָׁקַל,shakál,saqala,to weigh; to determine the weight of an object
ثَقَّلَ,ṯaqqala,שָׁקַל,shakál,saqala,to make (something) heavy
ثَقُلَ,ṯaqula,שָׁקַל,shakál,saqala,to be heavy
ثَلَاثَة,ṯalāṯa,שְׁלוֹשָׁה,sh'loshá,salas,three
ثَلْج,ṯalj,שֶׁלֶג,shéleg,salg,snow
ثَلْم,ṯalm,תֶּלֶם,télem,salim,"notch, furrow, gap"
ثَمَانِيَة,ṯamāniya,שְׁמוֹנָה,sh'moná,samaniy,eight
ثَمَّ,ṯamma,שָׁם,sham,sama,there
ثَمَّ,ṯamma,שָׁמָּה,sháma,sama,there
ثَنَى,ṯanā,שָׁנָה,shaná,sana,"to repeat, do a second time"
ثَوْر,ṯawr,שׁוֹר,shor,sawr,"bull, steer, ox"
ثُوم,ṯūm,שׁוּם,shúm,sum,garlic
ثِقْل,ṯiql,שָׁקַל,shakál,siqal,weight
جَالُوت,jālūt,גׇּלְיָת,golyát,galyat,Goliath
جَبَل,jabal,גָ׳בְּלָאוֹת,jabla'ót,jabal,mountain
جَبَى,jabā,גָּבָה,gavá,gaba,"to collect, to levy, to raise"
جَبَّار,jabbār,גִּבּוֹר,gibór,gabar,"mighty, powerful"
جَبْر,jabr,אַלְגֶּבְּרָה,álgebra,jabr,algebra
جَبْرَائِيل,jabrāʔīl,גַּבְרִיאֵל,gavri'él,gawriʔil,the archangel Gabriel
جَبْهَة,jabha,גַּבָּה,gabá,gabha,"forehead, brow"
جَحْفَل,jaḥfal,גּוּף,guf,gaxfal,"army, legion"
جَدَّفَ,jaddafa,גִּדֵּף,gidéf,gadafa,to blaspheme
جَدّ,jadd,גָּד,gad,gad,"good luck, good fortune"
جَدْي,jady,גְּדִי,gdí,gadiy,"kid, young male of a goat"
جَذَّعَ,jaḏḏaʕa,גֶּזַע,géza',gazaʕa,to stem
جَرَّ,jarra,גָּרַר,garár,garar,"to pull, to draw, to drag, to attract"
جَرّ,jarr,גָּרַר,garár,garar,"dragging, drag, towage, hauling"
جَرْو,jarw,גּוּר,gur,garw,cub; puppy
جَزَر,jazar,גֶּזֶר,gézer,gazar,carrots
جَفْن,jafn,גֶּפֶן,géfen,gafin,"vine, grapevine"
جَفْنَة,jafna,גֶּפֶן,géfen,gafina,grapevine
جَلِي,jalī,גֶ׳ל,jel,gil,jelly (gelatine dessert)
جَلِيّ,jaliyy,גָּלוּי,galúi,galuiy,apparent
جَمَل,jamal,גַּמָּל,gamál,gamal,male camel
جَمَل,jamal,גָּמָל,gamál,gamal,male camel
جَنَّ,janna,גָּנַן,ganán,ganan,"to cover, to hide, to conceal, to veil"
جَنَّة,janna,גַּן,gan,gana,garden
جَوْرَب,jawrab,גֶּרֶב,gérev,gawrab,sock
جَوْرَب,jawrab,גָּרַב,garáv,gawrab,sock
جُبّ,jubb,גֵּב,gev,gub,"cistern, well"
جُبْن,jubn,גְּבִינָה,g'viná,gubina,cheese
جُثَّة,juṯṯa,גּוּף,guf,gusa,body
جُرْن,jurn,גֹּרֶן,góren,gurin,"threshing-floor, surface where grain sheaves or where dates are collected, heap of harvest"
جُلْيَات,julyāt,גׇּלְיָת,golyát,galyat,Goliath
جُمْجُمَة,jumjuma,גֻּלְגֹּלֶת,gulgólet,gumgumat,"skull, cranium"
جُولْف,,גּוֹלְף,,galf,golf
جِدَار,jidār,גָּדֵר,gadér,gidar,wall (division in a building)
جِدَّة,jidda,גָּדָה,gadá,gida,"bank, side, edge of a water body"
جِذْع,jiḏʕ,גֶּזַע,géza',gizaʕ,"a tree trunk, body, stock, torso"
جِسْر,jisr,גֶּשֶׁר,gésher,gišrum,bridge
جِسْم,jism,גֶּשֶׁם,géshem,gisim,a body
جِنِرال,jinirāl,גֶּנֶרָל,generál,jiniral,"general (officer in any general rank, such as a brigadier general, major general, lieutenant general, etc.)"
جِهَاد,jihād,גִּ׳יהַאד,jihad,jihad,religious struggle
جِير,jīr,גִּיר,gir,gir,"chalk, lime"
جِيل,jīl,גִּיל,gíl,gil,"age, era, epoch, period"
جِيلَاتُو,jīlātū,גֶ׳ל,jel,gil,ice cream
جِين,jīn,גֶּן,gen,gin,gene
جِينْز,jīnz,גִ׳ינְס,jins,jinz,jeans
حَاج,ḥāj,הגה,hagé,ʔigu,"camelthorn, manna tree, Alhagi gen. et spp."
حَاخَام,ḥāḵām,חָכָם,khakhám,xakam,rabbi
حَادٍ,ḥādin,חַד,khad-,xadin,first (only in composed numbers)
حَادّ,ḥādd,חַד,khad-,xad,"sharp, pointed"
حَارّ,ḥārr,חָרִיף,kharíf,xarif,"hot, burning"
حَافَة,ḥāfa,חוֹף,khof,xafa,"edge, border"
حَامِض,ḥāmiḍ,חֹמֶץ,khómets,xamiṣ,acid
حَانُوت,ḥānūt,חֲנוּת,khanút,xanusa,"shop, store"
حَبَقُّوق,ḥabaqqūq,חֲבַקּוּק,khavakúk,xabaquq,Habakkuk (a Jewish prophet of the Old Testament; author of the book that bears his name)
حَبِيب,ḥabīb,חָבִיב,khavív,xabib,darling
حَبْل,ḥabl,חֶבֶל,khével,xabl,"a rope, a cable; a hawser; a cord; a string; a thread"
حَتَّى,ḥattā,עַד,ad,xata,"until, as far as, to the point of, even up to"
حَجَل,ḥajal,חָגְלָה,khoglá,xajal,partridge
حَجّ,ḥajj,חַג׳,kháj,xaj,"pilgrimage, hajj (pilgrimage to Mecca according to a specific ritual)"
حَدِيث,ḥadīṯ,חָדָשׁ,khadásh,xadis,new
حَرَثَ,ḥaraṯa,חָרַשׁ,kharásh,xarasa,"to plow, to till, to cultivate"
حَرِيدِيّ,ḥarīdiyy,חֲרֵדִי,kharedí,xaridi,"Haredi, Charedi, ultra-Orthodox Jew"
حَرْث,ḥarṯ,חָרַשׁ,kharásh,xaras,"plowing, tilling, cultivation, plantation, culture"
حَسَبَ,ḥasaba,חִשֵּׁב,khishév,xasaba,"to calculate, to compute"
حَسَبَ,ḥasaba,חֻשַּׁב,khusháv,xasaba,"to calculate, to compute"
حَسَنَة,ḥasana,חֹסֶן,khósen,xasana,"advantage, merit"
حَسَّ,ḥassa,חָשׁ,khásh,xasa,"to have sensation, perceive by the senses"
حَصْبَة,ḥaṣba,חַצֶּבֶת,khatsévet,xaṣibat,measles
حَفَرَ,ḥafara,חָפַר,khafár,xapar,"to dig, dig out, hollow"
حَقّ,ḥaqq,חֹק,khók,xaq,right
حَكَا,ḥakā,חִקָּה,khiká,xaka,to imitate
حَكِيم,ḥakīm,חָכָם,khakhám,xakim,wise
حَلَب,ḥalab,חַאלַבּ,khálab,xalab,"Aleppo (the capital city of Aleppo governorate, Syria)"
حَلَب,ḥalab,חָלַב,khaláv,xalab,fresh milk
حَلَبَ,ḥalaba,חָלַב,khaláv,xalaba,to milk
حَلَّ,ḥalla,חָל,khal,xala,"to occur, to happen"
حَلِيب,ḥalīb,חָלַב,khaláv,xalib,milk
حَلِيب,ḥalīb,חָלָב,khaláv,xalib,milk
حَم,ḥam,חָם,khám,xamw,father-in-law
حَمَاس,ḥamās,חַמַאס,khamás,xamas,Hamas (a Palestinian Islamist militant group and political organization)
حَمَام,ḥamām,יוֹנָה,yoná,šawman,"doves, pigeons"
حَمِيم,ḥamīm,חַם,kham,xamim,at a fairly or comfortably high temperature
حَمِيم,ḥamīm,חֹם,khóm,xamim,"hot water, hot bath, fever"
حَنَك,ḥanak,חֵךְ,khékh,xanak,"palate, palatum durum"
حَنُون,ḥanūn,חַנּוּן,khanún,xanun,"loving, fond, affectionate; compassionate, merciful, gracious"
حَوَّاء,ḥawwāʔ,חַוָּה,khavá,xawa,"Eve, the first woman in Abrahamic religions"
حَوْل,ḥawl,חַיִל,kháyil,xawil,strength
حَوْل,ḥawl,חַיָּל,khayál,xawal,strength
حَيَاة,ḥayāh,חַיִּים,khayím,xayah,life
حَيَوَان,ḥayawān,חַיָּה,khayá,xayawan,"animals, living creatures"
حَيِيَ,ḥayiya,חַי,kháy,xayawa,to live
حَيِيَ,ḥayiya,חָוָה,khavá,xayawa,to live
حَيّ,ḥayy,חַי,kháy,xay,alive
حَيْصَل,ḥayṣal,חָצִיל,khatsíl,xayṣal,"eggplant, aubergine"
حَيْل,ḥayl,חַיִל,kháyil,xayil,"strength, force"
حُسْبَان,ḥusbān,חֶשְׁבּוֹן,kheshbón,xusban,"calculation, computation"
حُلْبَة,ḥulba,חִלְבָּה,khilbá,xulba,fenugreek
حُلْم,ḥulm,חֲלוֹם,khalóm,xulam,a dream (something experienced during sleep); vision
حِجَاب,ḥijāb,חִגָ׳אבּ,khijáb,xijab,"headscarf, hijab"
حِرِّيف,ḥirrīf,חָרִיף,kharíf,xirif,"pungent, acrid (taste)"
حِزَام,ḥizām,מְזִיחַ,mezíakh,xiziam,girdle
حِزَام,ḥizām,מֵזַח,mézakh,xizam,girdle
حِزْقِيَال,ḥizqiyāl,יְחֶזְקֵאל,Y'khezkél,yixiskil,Ezekiel (a prophet mentioned in the Bible and in the Quran)
حِصْرِم,ḥiṣrim,חַרְצָן,ḥarṣā́n,xiṣrim,"unripe grapes, sour grapes, grapes green and acid due to lacking maturity"
حِكْمَة,ḥikma,חׇכְמָה,khokhmá,xikma,wisdom
حِمَار,ḥimār,חְמָאר,khmár,ximar,"ass, donkey"
حِمَار,ḥimār,חֲמוֹר,khamór,ximar,"ass, donkey"
حِمِّص,ḥimmiṣ,חִמְצָה,khimtsá,ximiṣa,chickpea
حِمِّص,ḥimmiṣ,חוּמוּס,khúmus,xiymṣa,chickpea
حِنَّاء,ḥinnāʔ,חִינָה,khína,xinaʔ,henna; dye prepared from (Lawsonia inermis)
حِنْطَة,ḥinṭa,חִטָּה,khitá,xinṭa,wheat
خَابِيَة,ḵābiya,חָבִית,khavít,xabu,"jug, amphora, cask, barrel"
خَاتَم,ḵātam,טַבַּעַת,tabá'at,jibaut,ring
خَتَمَ,ḵatama,חָתַם,ḥɔṯam,xatama,to seal
خَتَن,ḵatan,חָתָן,khatán,xatan,a man being related through marriage (son-in-law or brother-in-law or father-in-law or bridegroom)
خَتَّمَ,ḵattama,חָתַם,ḥɔṯam,xatama,"to seal, stamp"
خَتْم,ḵatm,חָתַם,ḥɔṯam,xatam,"stamp, seal"
خَرَاب,ḵarāb,חֻרְבָּן,khurbán,xarbab,"ruination, wreckage, desolation"
خَرَبَ,ḵaraba,חָרַב,kharáv,xaraba,"to demolish, devastate"
خَرُّوب,ḵarrūb,חָרוּב,kharúv,xarub,carob (fruit and tree of Ceratonia siliqua L.)
خَرِسَ,ḵarisa,חָרַשׁ,kharásh,xarisa,"to become silent, keep silent, hold one's tongue"
خَرِيطَة,ḵarīṭa,כַּרְטִיס,kartís,kartis,map
خَرِيف,ḵarīf,חֹרֶף,khóref,xarif,"autumn, fall"
خَرْدَل,ḵardal,חַרְדָּל,khardál,xardal,mustard (plant and condiment)
خَرْطُوش,ḵarṭūš,כַּרְטִיס,kartís,kartis,"cartridge, cartridges"
خَزَف,ḵazaf,חֶרֶס,khéres,xazaf,"earthenware, ceramic, pottery"
خَزِينَة,ḵazīna,גְּנִיזָה,g'nizá,ganjam,"treasury, closet (room where valuables are stored)"
خَزِينَة,ḵazīna,גְּנָזִים,g'nazím,ganjam,"treasury, closet (room where valuables are stored)"
خَسَارَة,ḵasāra,חִסָּרוֹן,khisarón,xasaran,"loss, damage"
خَسّ,ḵass,חַסָּה,khása,xasa,lettuce (Lactuca gen. and Lactuca sativa in particular)
خَشِن,ḵašin,אָשׁוּן,ashún,xašin,tough (life)
خَطَأ,ḵaṭaʔ,חֵטְא,khet,xaṭaʔ,"mistake, error"
خَطِئَ,ḵaṭiʔa,חֵטְא,khet,xaṭiʔa,to sin
خَطِئَ,ḵaṭiʔa,חָטָא,khatá,xaṭiʔa,to sin
خَطِفَ,ḵaṭifa,חָטַף,chatáf,xaṭifa,"to abduct, to kidnap"
خَطْف,ḵaṭf,חָטַף,chatáf,xaṭaf,"abduction, robbery"
خَفِرَ,ḵafira,חָפֵר,khafér,xapar,to be shy
خَلَاص,ḵalāṣ,חָלָס,ḥálas,xalaṣ,cut it out! stop it!
خَلَّدَ,ḵallada,חֶלֶד,khéled,xalada,"to grow very old, to enjoy a long life, to be long-lived"
خَمْر,ḵamr,חֶמֶר,khémer,xamir,wine
خَمْس,ḵams,חָמֵשׁ,khamésh,xamš,"masculine of خَمْسَة (ḵamsa, “five”)"
خَمْسَة,ḵamsa,חֲמִישָּׁה,khamishá,xamš,five
خَنَقَ,ḵanaqa,חָנַק,khanák,xanaqa,"to strangle, to choke, to suffocate"
خَوْخَة,ḵawḵa,חוֹחַ,khóakh,xawxa,"wicket, aperture, sluice gate, canal lock (in a passage)"
خُرْشُوف,ḵuršūf,אַרְטִישׁוֹק,artishók,xaršup,artichoke
خُرْشُوف,ḵuršūf,חֻרְשָׁף,khursháf,xuršuf,artichoke
خُرْطُوم,ḵurṭūm,חַרְטוֹם,khartóm,xurṭum,"trunk (of an elephant), snout, muzzle, nose"
خُلْد,ḵuld,חֶלֶד,khéled,xulid,"infinite duration, endless time, perpetuity, eternity"
خُلْد,ḵuld,חֹלֶד,khóled,xulid,"blind mole-rat., mole-rat"
خِرْبَة,ḵirba,חָרְבָּה,khorbáh,xirbah,"ruined site, wasteland"
خِطَاب,ḵiṭāb,מִכְתָּב,mikhtáv,mixiṭab,letter
خِطْء,ḵiṭʔ,חֵטְא,khet,xiṭʔ,sin
خِطْمِيّ,ḵiṭmiyy,חֶלְמִית,khelmít,xiṭmiy,a confectionery marshmallow
خِنْزِير,ḵinzīr,חֲזִיר,khazír,xinzir,"pig, swine, hog"
خْشَايَارْشَا,ḵšāyāršā,אֲחַשְׁוֵרוֹשׁ,Akhashverósh,xšayarša,"Xerxes, Ahasuerus"
خْشَايَارْشَا,ḵšāyāršā,חְשַׁיָארְשָׁ,kh'shayársha,xšayarša,"Xerxes, Ahasuerus"
دَاعِش,dāʕiš,דָאעֵ״ש,"dá'e""sh",daʕiš,"ISIS, ISIL, IS"
دَانَ,dāna,דָּן,dan,dana,to judge
دَاوُد,dāwud,דָּוִד,davíd,dawid,"a male given name, Daoud, Dawud, or Davoud, equivalent to English David"
دَاوُود,dāwūd,דָּוִד,davíd,dawid,"a male given name, Daoud, Dawud, or Davoud, equivalent to English David"
دَبُّور,dabbūr,דְּבוֹרָה,dvorá,dabr,"wasp, hornet"
دَبِقَ,dabiqa,דָּבַק,davák,dabiqa,"to stick, to stay attached, to adhere, to cleave"
دَحَا,daḥā,דָּחָה,dakhá,daxa,to push
دَرَك,darak,דֶּרֶךְ,dérekh,darak,path one takes to reach a goal
دَغْدَغَ,daḡdaḡa,דִּגְדֵּג,digdég,dagdaga,to tickle
دَفْتَر,daftar,דִּפְתָּר,diftar,dptr,notebook; copybook; exercise book
دَقَل,daqal,דֶּקֶל,dékel,daqal,a variety of dates (fruit and tree)
دَقِيق,daqīq,דַּק,dak,daqiq,"little, small, tiny, minute"
دَقِيقَة,daqīqa,דַּקָּה,daká,daqiqa,minute (unit of time)
دَلَّاع,dallāʕ,דְּלַעַת,dlá'at,dalaʔaʕ,watermelon
دَلْو,dalw,דְּלִי,dli,daliw,"pail, bucket"
دَم,dam,דָּם,dam,dam,blood
دَمَعَ,damaʕa,דָּמַע,damá',damaʕa,to tear (to produce tears)
دَمْع,damʕ,דִּמְעָה,dim'á,damaʕ,tears
دَمْعَة,damʕa,דִּמְעָה,dim'á,damʕa,a tear (drop of salty liquid resulting from crying)
دَوَاة,dawāh,דְּיוֹ,dyó,dawah,"inkstand, inkwell"
دَيَّان,dayyān,דַּיָּן,dayán,dayan,judge (said of God)
دُبّ,dubb,דֹּב,dov,dub,bear
دُخَس,duḵas,תַּחַשׁ,tákhash,duxas,whale; dugong
دُخْن,duḵn,דֹּחַן,dóchan,duxan,pearl millet
دُرْيَن,duryan,דוּרִיאַן,duri'an,duarian,durian
دُكْتور,duktōr,דּוֹקְטוֹר,dóktor,daktar,doctor
دُلْب,dulb,דֹּלֶב,dólev,dulib,"oriental plane (Platanus orientalis, and Platanus gen. et spp.)"
دُوش,dūš,דּוּשׁ,dush,duš,shower (bathing)
دُول,dūl,דּוֹל,dol,daul,dhole (Cuon alpinus)
دُولَار,dōlār,דּוֹלָר,dólar,dalar,dollar
دِبْس,dibs,דְּבַשׁ,dvash,dibas,"syrup, molasses"
دِبْق,dibq,דֶּבֶק,dévek,dibiq,"glue, lime"
دِجْلَة,dijla,חִדֶּקֶל,khidékel,ʔidiqlat,"the Tigris (so called because it covers or floods the land with water, like a lake)"
دِكْتَاتُور,diktātūr,דִּיקְטָטוּר,diktator,diktatar,dictator
دِلْهِي,dilhī,דֵלְהִי,delhī,dili,"Delhi (a megacity and union territory of India, containing the national capital New Delhi)"
دِمْن,dimn,דֹּמֶן,dómen,dimin,dung
دِيسِمْبِر,dīsimbir,דֵּצֶמְבֶּר,detsémber,dikimbir,December (twelfth month of the Gregorian calendar)
دِين,dīn,דִּין,din,din,"judgement, decision, ruling, requital, compensation, indemnification"
دِين,dīn,דַּיָּן,dayán,diyan,"judgement, decision, ruling, requital, compensation, indemnification"
ذَا,ḏā,זֶה,ze,za,this
ذَبَحَ,ḏabaḥa,זָבַח,zavákh,zabaxa,"to slaughter, to butcher"
ذَبَّحَ,ḏabbaḥa,זָבַח,zavákh,zabaxa,"to kill, to slaughter, to butcher, to massacre, to murder"
ذَبْح,ḏabḥ,זָבַח,zavákh,zabax,"slaughter, slaughtering"
ذَقَن,ḏaqan,זָקָן,zakán,zaqan,"beard on the chin; goatee, beard"
ذَكَر,ḏakar,זָכָר,zakhár,zakar,male
ذَكَرَ,ḏakara,זֵכֶר,zékher,zakara,"to remember, to recall"
ذَكَرَ,ḏakara,זָכַר,zakhár,zakara,"to remember, to recall"
ذَنَب,ḏanab,זָנָב,zanáv,zanab,"tail, end"
ذَهَب,ḏahab,זָהָב,zaháv,zahab,gold
ذُبَاب,ḏubāb,זְבוּב,zvuv,zubab,"flies, fly (insect)"
ذِئْب,ḏiʔb,זְאֵב,zəʔeḇ,ziʔb,wolf
ذِبْح,ḏibḥ,זָבַח,zavákh,zibax,"sacrificial victim, blood sacrifice"
ذِكْر,ḏikr,זֵכֶר,zékher,zikir,"recollection, remembrance"
رَأَى,raʔā,רָאָה,ra'á,raʔa,to see (to perceive with the eyes)
رَأْس,raʔs,רֹאשׁ,rosh,raʔš,head
رَأْس السَّنَة,raʔs as-sana,רֹאשׁ הַשָּׁנָה,rosh-hashaná,raʔsasasana,"Rosh Hashanah, Jewish New Year"
رَاحِيل,rāḥīl,רָחֵל,rakhél,raxil,"a female given name, equivalent to English Rachel"
رَاعٍ,rāʕin,רֹעֶה,ro'é,raʕin,shepherd
رَامَ اللّٰه,rāma llāh,רמאללה,ramálla,ram alah,"Ramallah (a city in the West Bank, Palestine)"
رَبَّ,rabba,רַב,ráv,rab,"to grow, to increase, to become greater"
رَجَمَ,rajama,רָגַם,ragám,ragama,"to stone, to lapidate, to throw stones at"
رَجْم,rajm,רָגַם,ragám,ragam,"stoning, lapidation"
رَحَضَ,raḥaḍa,רָחַץ,rakháts,raxaṣa,"to wash, to clean"
رَحِم,raḥim,רֶחֶם,rékhem,raxim,"uterus, womb"
رَحِمَ,raḥima,רָחַם,rakhám,raxima,to be merciful
رَحِيم,raḥīm,רַחוּם,rakhúm,raxim,merciful
رَحْب,raḥb,רָחָב,rakháv,raxab,"wide, spacious, roomy"
رَحْمَة,raḥma,רַחְמָנוּת,rakhmanút,raxmanut,"mercy, compassion, commiseration"
رَحْمَة,raḥma,רַחֲמִים,rakhamím,raxamam,"mercy, compassion, commiseration"
رَدَفَ,radafa,רָדַף,radáf,radafa,to follow
رَسَمَ,rasama,רָשַׁם,rashám,rasama,"to record, to enter, to mark, to indicate"
رَضِيَ,raḍiya,רִצָּה,ritsá,raṣiya,"to be satisfied, to be content"
رَضِيَ,raḍiya,רָצָה,ratsá,raṣiya,to desire
رَطْب,raṭb,רָטֹב,ratóv,raṭab,"humid, moist"
رَعْشَة,raʕša,רַעַשׁ,rá'ash,raʕša,tremor
رَغُبَ,raḡuba,רָעַב,ra'áv,raguba,"to be greedy, to be gluttonous"
رَقَصَ,raqaṣa,רָקַד .,raqád,raqaṣa,to dance
رَقِيع,raqīʕ,רָקִיעַ,rakía',raqiʕ,"the firmament, the first heaven"
رَقِيق,raqīq,רַךְ,rakh,raqiq,"soft, sensitive, sentimental"
رَكَضَ,rakaḍa,רָץ,rats,rakaṣa,"to race, to rush, to run"
رَكَعَ,rakaʕa,כָּרַע,karáʿ,rakaʕa,"to bow, to kneel, to kowtow"
رَكِبَ,rakiba,רָכַב,rakháv,rakiba,to ride
رَمَزَ,ramaza,רָמַז,ramáz,ramaza,"to make a sign, to point"
رَمْز,ramz,רֶמֶז,rémez,ramiz,"symbol, emblem"
رَنْد,rand,נֵרְדְּ,nerd,rand,laurel (Laurus nobilis)
رَيْحَان,rayḥān,רֵיחָן,rēḥán,rayxan,basil (Ocimum gen. et spp.)
رُبَّ,rubba,רַב,ráv,rab,many
رُبُع,rubuʕ,רֹבַע,róva,rubuʕ,quarter (area or region)
رُزّ,ruzz,אֹרֶז,órez,ʔaryzda,rice
رُكْبَة,rukba,בֶּרֶךְ,bérekh,birk,knee
رُكْبَة,rukba,בָּרַךְ,barákh,birk,knee
رُمَّان,rummān,רִמּוֹן,rimón,ruman,pomegranate
رُمْح,rumḥ,רֹמַח,rómakh,rumax,spear
رُوبُوت,rōbōt,רוֹבּוֹט,robot,rabat,robot
رُوح,rūḥ,רוּחַ,rúakh,rux,"breath, movement of air"
رُوحَانِيّ,rūḥāniyy,רוּחָנִי,rukhaní,ruxaniy,"spiritual, immaterial, spiritualistic, incorporeal, ghostly, animistic"
رُومَا,rūmā,רוֹמִי,rómi,rama,"Rome, Ancient Rome (an ancient empire based out of the city of Rome, covering vast territories in Europe, Asia and Africa; in full, Roman Empire)"
رُومَان,rūmān,רומנוס,romanos,ramanus,Romans
رُومِيَة,rūmiya,רוֹמִי,rómi,rami,"Rome, Ancient Rome (an ancient empire based out of the city of Rome, covering vast territories in Europe, Asia and Africa; in full, Roman Empire)"
رِئَة,riʔa,רֵאָה,re'á,riʔa,lung
رِبًا,riban,רִבִּית,ribít,riban,interest
رِجْل,rijl,רֶגֶל,régel,rigl,"an extremity; a limb, a leg"
رِمْش,rimš,רִיס,ris,rims,eyelash
رِيق,rīq,רֹק,roq,riq,"saliva, spittle"
رِيُو دِي جَانِيرُو,riyō dī jānērō,רִיוּ דֵה זַ׳נֵירוּ,riu de janeiru,riu ji janiyru,"Rio de Janeiro (a state of the Southeast Region, Brazil)"
زَاوِيَة,zāwiya,זָוִית,zavít,zawiya,"angle, corner, edge"
زَبَرْجَد,zabarjad,אִזְמַרְגָּד,izmargád,zmaragdas,aquamarine
زَبَّلَ,zabbala,זֶבֶל,zével,zabala,"to fertilize, to treat with manure or compost"
زَرَافَة,zarāfa,גִ׳ירָפָה,jiráfa,zarapa,giraffe (mammal)
زَرَعَ,zaraʕa,זֶרַע,zéra',zarʕ,to sow
زَرَعَ,zaraʕa,זָרַע,zará',zarʕ,to sow
زَعَقَ,zaʕaqa,זָעַק,za'ák,zaʕaqa,"to scream, to shout"
زَعَّقَ,zaʕʕaqa,זָעַק,za'ák,zaʕaqa,"to scream, to shout loudly"
زَعْتَر,zaʕtar,זַעְתָּר,zá'tar,zaʕtar,"zaatar, wild thyme"
زَعْزَعَ,zaʕzaʕa,זִעְזֵעַ,zi'zéa',zaʕzaʕa,"to shake, to agitate, shock or horrify"
زَعْفَرَان,zaʕfarān,זְעַפְרָן,ze'afrán,zaʕparan,saffron
زَكَرِيَّا,zakariyyā,זְכַרְיָה,z'kharyá,zaxarya,"Zechariah, Zacharias (Hebrew prophet)"
زَنَى,zanā,זָנָה,zaná,zana,"to commit adultery, to fornicate"
زَنَّى,zannā,זָנָה,zaná,zana,to accuse of fornication
زَنْجَبِيل,zanjabīl,זַנְגְּבִיל,zangvíl,zanjabil,ginger
زَوْج,zawj,זוּג,zúg,zdiugas,a pair or couple
زَوْل,zawl,זוּלָת,zulát,zawal,person
زُبَالَة,zubāla,זֶבֶל,zével,zubala,"refuse, rubbish, garbage, trash"
زُجَاج,zujāj,זְכוּכִית,zkhukhít,zxujaj,glass (substance)
زُجَاجَة,zujāja,זְכוּכִית,zkhukhít,zxujaja,piece of glass
زُرْزُور,zurzūr,זַרְזִיר,zarzír,zurzur,starling
زُمُرُّد,zumurrud,אִזְמַרְגָּד,izmargád,zmaragdas,emerald
زُنْبُور,zunbūr,דְּבוֹרָה,dvorá,zunbura,bee
زُوفَا,zūfā,אֵזוֹב,ʾēzṓḇ,ʔizufa,hyssop
زِبْل,zibl,זֶבֶל,zével,zibil,"dung, manure"
زِجَاجَة,zijāja,זְכוּכִית,zkhukhít,zxijaja,glassmaking
زِفْت,zift,זֶפֶת,zéfet,zifit,"pitch, tar, latex, asphalt"
زِمَام,zimām,נֶזֶם,nézem,zimam,reins
زِنًى,zinan,זָנָה,zaná,zinan,"adultery, fornication, lust"
زِير,zīr,סִיר,sír,zir,"cask, tub, vat, large jug"
سَأَلَ,saʔala,שָׁאַל,sha'ál,saʔala,"to ask, inquire"
سَارَة,sāra,שָׂרָה,sará,sara,"Sarah, wife of Abraham and mother of Isaac"
سَاعَة,sāʕa,שָׁעָה,sha'á,šaʕta,hour (unit of time)
سَافِر,sāfir,סֵפֶר,séfer,safir,writer
سَاق,sāq,שׁוֹק,shok,saq,shank
سَام,sām,שֵׁם,shem,sam,Shem
سَانْدْوِيتْش,sandwitš,סֶנְדְוִיץ׳,séndvich,sandwiš,sandwich
سَاو بَاوْلُو,sāw bāwlō,סָאוּ פָּאוּלוּ,sau paulu,saw pawlu,"a municipality, the state capital of São Paulo, Brazil"
سَبَب,sabab,סִבָּה,sibá,sabab,"cause, grounds, aetiological reason"
سَبَى,sabā,שָׁבָה,shavá,saba,"to captivate, to captive"
سَبَّحَ,sabbaḥa,שִׁבֵּחַ,shibéakh,sabiaxa,"to praise, to glorify"
سَبِيل,sabīl,שְׁבִיל,sh'víl,sabil,"way, path, road"
سَبِيّ,sabiyy,שֶׁבִי,shévi,sabiy,captive
سَبْح,sabḥ,שִׁבֵּחַ,shibéakh,sabiax,"praise, laudation"
سَبْح,sabḥ,שֶׁבַח,shévakh,sabax,"praise, laudation"
سَبْي,saby,שֶׁבִי,shévi,sabyi,captivity
سَجَدَ,sajada,סָגַד,sagád,sagada,"to prostrate oneself, to bow down"
سَحَر,saḥar,שַׁחַר,shákhar,šaxar,dawn
سَرَطَان,saraṭān,סִרְטֵן,sirtén,saraṭan,"cancer, carcinoma"
سَرَطَان,saraṭān,סַרְטָן,sartán,saraṭan,"cancer, carcinoma"
سَطْح,saṭḥ,שֶׁטַח,shétakh,saṭax,surface
سَعَلَ,saʕala,הִשְׁתַּעֵל,hishta'él,histaʕala,to cough
سَعِير,saʕīr,סַעַר,sá'ar,saʕir,hell
سَفُّود,saffūd,שִׁפּוּד,shipúd,safud,"spit, brochette, skewer"
سَفِينَة,safīna,סְפִינָה,sfiná,sapinta,"ship, vessel"
سَقَى,saqā,הִשְׁקָה,hishká,hisaqa,to give (someone) (a drink)
سَكَتَ,sakata,שָׁקַט,shakát,sakata,to be silent
سَكَر,sakar,סַיְדֶּר,sáider,šikar,wine
سَكَر,sakar,שִׁכֵּר,shikér,šikar,intoxicant
سَكَر,sakar,שֵׁכָר,shekhár,šikar,intoxicant
سَكَنَ,sakana,שָׁכַן,shakhán,sakana,to feel at home
سَكِرَ,sakira,שִׁכֵּר,shikér,šikar,"to be drunk, to be intoxicated"
سَكِرَ,sakira,שֵׁכָר,shekhár,šikar,"to be drunk, to be intoxicated"
سَكِرَ,sakira,שָׁכַר,shakhár,šikar,"to be drunk, to be intoxicated"
سَلَام,salām,שָׁלוֹם,shalóm,salam,peace
سَلَامْتَك,salāmtak,סלאמתק,salámtak,salamtak,get well soon
سَلَّة,salla,סַל,sal,sala,basket
سَلَّطَ,sallaṭa,שָׁלַט,shalát,salaṭa,to give power
سَلْوَى,salwā,שְׂלָו,slav,salwa,quails
سَلْوَى,salwā,שַׁלְוָה,šalwɔ̂,salwa,"joy, happiness, satisfaction"
سَمَّ,samma,סַם,sam,sama,"to poison (someone, something)"
سَمِعَ,samiʕa,שֵׁמַע,shéma,šamaʕ,to hear
سَمِعَ,samiʕa,שָׁמַע,shamá,šamaʕ,to hear
سَمِنَ,samina,שָׁמַן,shamán,šamn,to become fat
سَمِنَ,samina,שֻׁמָּן,shumán,šamn,to become fat
سَمِين,samīn,שָׁמֵן,shamén,samin,"fat, corpulent"
سَمّ,samm,סַם,sam,sam,"poison, toxin"
سَنَا,sanā,סֻנָּה,suná,sana,senna
سَنَّ,sanna,שָׁנַן,shanán,sanan,"to sharpen, to whet, to hone, to grind"
سَنْدَان,sandān,סַדָּן,sadán,sandan,anvil
سَنْط,sanṭ,שִׁטָּה,shitá,sanṭa,"Acacia spp. or Vachellia spp., especially Vachellia nilotica"
سَوْسَن,sawsan,שׁוֹשַׁנָּה,shoshaná,sašan,lily
سَوْسَن,sawsan,שׁוֹשָׁן,shoshán,sašan,lily
سَوْط,sawṭ,שׁוֹט,shot,sawṭ,"scourge, switch, whip"
سَوْقَم,sawqam,שִׁקְמָה,šiqmā́,šiqma,"fig-mulberry, sycomore (Ficus sycomorus)"
سَيْف,sayf,סַיִף,sáyif,sayif,"sword, sabre, foil, rapier, scimitar"
سُؤَال,suʔāl,שְׁאֵלָה,sh'elá,suʔala,question
سُحَاف,suḥāf,שַׁחֶפֶת,shaḥéfet,suxafit,"tuberculosis, consumption, phthisis"
سُكَّر,sukkar,סֻכָּר,sukár,sukar,sugar
سُكْر,sukr,שִׁכֵּר,shikér,šikar,"drunkenness, intoxication, inebriety"
سُكْر,sukr,שֵׁכָר,shekhár,šikar,"drunkenness, intoxication, inebriety"
سُكْر,sukr,שָׁכַר,shakhár,šikar,"drunkenness, intoxication, inebriety"
سُلَحْفَاة,sulaḥfāh,שַׁלְחוּפָה,shalkhufá,sulaxpah,turtle
سُلَّم,sullam,סֻלָּם,sulám,sulam,"ladder, stairs"
سُلْطَان,sulṭān,סוּלְטָן,sultán,sulṭan,sultan
سُلْطَان,sulṭān,שִׁלְטוֹן,shiltón,sulṭan,authority
سُنُونُو,sunūnū,סְנוּנִית,snunít,sununut,swallow
سُنِّيّ,sunniyy,סוּנִי,suni,suniy,Sunni
سُنْبُل,sunbul,שִׁבֹּלֶת,shibólet,sunbulit,"ear, spike (of a crop)"
سُوق,sūq,שִׁוֵּק,shivék,suqum,market
سُوق,sūq,שׁוּק,shuk,suqum,market
سِبْتِمْبِر,sibtimbir,סֶפְּטֶמְבֶּר,septémber,siptimbir,September (ninth month of the Gregorian calendar)
سِبْط,sibṭ,שֵׁבֶט,shévet,šabṭ,tribe of the Israelites
سِتَّة,sitta,שִׁישָּׁה,shishá,šids,six
سِعْر,siʕr,שַׁעַר,shá'ar,siʕar,price
سِفْر,sifr,סֵפֶר,séfer,šiprum,written book
سِكِّين,sikkīn,סַכִּין,sakín,sikin,knife
سِلْبَاح,silbāḥ,צְלוֹפָח,tslofákh,silabax,eel
سِلْسِلَة,silsila,שַׁרְשֶׁרֶת,sharshéret,silsilat,chain
سِلْفِي,silfī,סֶלְפִי,sélfi,silfi,selfie
سِمْسِم,simsim,שֻׁמְשֹׁם,shumshóm,simsim,sesame (plant or seed)
سِمْعَان,simʕān,שִׁמְעוֹן,shim'ón,šimʔan,"a male given name from Hebrew, equivalent to English Simon"
سِنَة,sina,שֵׁנָה,sheiná,sina,slumber; nap
سِنْجَار,sinjār,שִׁנְעָר,shin'ár,sinjar,"Singar (a city in Nineveh Province, Iraq)"
سِيَاج,siyāj,סְיָג,sə'yág,siyaga,fence
شَبُّور,šabbūr,שׁוֹפָר,shofár,šabur,shofar (Jewish ram's horn trumpet)
شَبِعَ,šabiʕa,שָׂבֵעַ,savéa',sabiʕa,"to be full, to be satiated"
شَبِعَ,šabiʕa,שָׂבַע,savá',sabiʕa,"to be full, to be satiated"
شَبِعَ,šabiʕa,שָׂבָע,savá',sabiʕa,"to be full, to be satiated"
شَبِعَ,šabiʕa,שֹׂבַע,sóva',sabiʕa,"to be full, to be satiated"
شَدَّة,šadda,שַׁדָּה,shadá,šada,shadda
شَرَى,šarā,שָׂרָה,sará,sara,to contend; to wrangle
شَرَّشَ,šarraša,שֹׁרֶשׁ,šóreš,šurš,to take root
شَرَّشَ,šarraša,שֹׁרַשׁ,šoráš,šurš,to take root
شَرِيط,šarīṭ,סֶרֶט,séret,sariṭ,"tape, ribbon, band"
شَرْمُوطَة,šarmūṭa,סְמַרְטוּט,smartút,smarmuṭa,"rag, shred, tatter"
شَرْمُوطَة,šarmūṭa,שַׁרְמוּטָה,sharmúta,šarmuṭa,"whore, slut"
شَعِير,šaʕīr,שְׂעוֹרָה,se'orá,saʕira,barley
شَعْر,šaʕr,שֵׂעָר,se'ár,saʕr,hair
شَفَة,šafa,שָׂפָה,safá,sapat,lip
شَكْشُوكَة,šakšūka,שַׁקְשׁוּקָה,shakshúka,šakšuka,shakshuka (dish of eggs simmered in a mixture of vegetables and spices)
شَلَّال,šallāl,שְׁלוּלִית,shlulít,šalalit,waterfall
شَمَر,šamar,שֻׁמָּר,šumár,šimru,fennel (Foeniculum gen.)
شَمْبَانْيَا,šambānyā,שַׁמְפַּנְיָה,shampánya,šapan,champagne (beverage)
شَمْعُون,šamʕūn,שִׁמְעוֹן,shim'ón,šimʔan,"a surname from Hebrew, equivalent to English Simon"
شَنَأَ,šanaʔa,שָׂנֵא,sané,sanaʔa,to hate intensely
شَهِيد,šahīd,שָׂהֵד,sahéd,sahid,witness
شَهْر,šahr,סַהַר,sáhar,sahar,month (unit of time)
شَهْر,šahr,שַׂהַר,sáhar,sahar,verbal noun of شَهَرَ (šahara) (form I)
شَيْخ,šayḵ,שֵׁיךְ,shékh,šayx,"sheik, chief, chieftain, patriarch"
شَيْطَان,šayṭān,שָׂטָן,śāṭān,saṭan,devil
شَيْقَل,šayqal,שֶׁקֶל,shékel,šiqil,shekel (currency unit)
شُرَّاب,šurrāb,גֶּרֶב,gérev,šurab,"sock, stocking"
شُرَّاب,šurrāb,גָּרַב,garáv,šurab,"sock, stocking"
شُوفَان,šūfān,שִׁיפוֹן,shifón,šufan,oat
شُوكُولَاتَة,šukūlāta,שׁוֹקוֹלָד,shokolád,šakalata,chocolate
شِتَاء,šitāʔ,סְתָו,s'táv,sitaʔ,winter
شِرْش,širš,שֹׁרֶשׁ,šóreš,šurš,"root, wort"
شِعْر,šiʕr,שִׁיר,shir,šiʕr,"poetry, poem, verses"
شِعْر,šiʕr,שִׁירָה,shirá,šiʕra,"poetry, poem, verses"
شِمَال,šimāl,שְׂמֹאל,s'mól,simaʔl,left side
شِيك,šīk,צֶ׳ק,chek,šik,cheque
صَابُون,ṣābūn,סַבּוֹן,sabón,sapa,soap
صَادَ,ṣāda,צָד,tsad,ṣada,"to hunt, to chase (game, fish), to fowl, to fish"
صَادِق,ṣādiq,צַדִּיק,tsadík,ṣadiq,"genuine, faithful, authentic"
صَالَة,ṣāla,סָלוֹן,salón,sala,"hall, large room"
صَالُون,ṣālūn,סָלוֹן,salón,sala,"reception hall, salon"
صَامَ,ṣāma,צָם,tsám,ṣama,"to fast (to abstain, usually from food and drink)"
صَبَغَ,ṣabaḡa,צֶבַע,tséva',ṣabaga,"to dye, to pigmentate, to paint, to tincture"
صَبَغَ,ṣabaḡa,צָבַע,tsavá',ṣabaga,"to dye, to pigmentate, to paint, to tincture"
صَبَّار,ṣabbār,צַבָּר,tsabár,ṣabar,cactus
صَتَم,ṣatam,סְתָם,stám,ṣatam,"strong, robust, mature"
صَحِيح,ṣaḥīḥ,צַח,tsákh,ṣaxix,"complete, perfect, whole"
صَحْن,ṣaḥn,צַלַּחַת,tsalákhat,ṣalaxan,"dish, plate, meal"
صَدَف,ṣadaf,צֶדֶף,tsédef,ṣadap,"shell(s), seashell(s)"
صَدَقَة,ṣadaqa,צְדָקָה,ts'daká,ṣadaqa,alms; charitable gift; charity
صَدُقَة,ṣaduqa,צְדָקָה,ts'daká,ṣaduqa,dowry
صَرَخَ,ṣaraḵa,צָרַח,tsarákh,ṣaraxa,"to scream, to shout, to shriek"
صَرْح,ṣarḥ,צְרִיחַ,ts'ríakh,ṣariax,skyscraper
صَغِير,ṣaḡīr,צָעִיר,tsa'ír,ṣagir,young (for a person)
صَفَرَ,ṣafara,צָפַר,tsafár,ṣafara,to whistle
صَفْصَاف,ṣafṣāf,צַפְצָפָה,tsaftsafá,ṣafṣafa,willow (Salix gen. et spp.)
صَلَبَ,ṣalaba,צְלָב,tzlav,ṣalaba,to crucify
صَلَبَ,ṣalaba,צָלַב,tzaláv,ṣalaba,to crucify
صَلَى,ṣalā,צָלָה,tsalá,ṣala,"to roast, to broil, to fry"
صَلِيب,ṣalīb,צְלָב,tzlav,ṣalib,cross (geometrical figure)
صَلِيب,ṣalīb,צָלַב,tzaláv,ṣalib,"cross, Cross, crucifix (post for crucifixion)"
صَنَوْبَر,ṣanawbar,צְנוֹבָּר,tsnobár,ṣanawbar,pine nut
صَنْعَاء,ṣanʕāʔ,צַנְעָא,tsan'a,ṣanʕaʔ,Sanaa (the capital and largest city of Yemen)
صَيَّاد,ṣayyād,צַיִד,tsáyid,ṣayad,hunter
صَيَّاد,ṣayyād,צַיָּד,tsayád,ṣayad,hunter
صَيْد,ṣayd,צַיִד,tsáyid,ṣayid,"hunt, hunting, fishing"
صَيْد,ṣayd,צַיָּד,tsayád,ṣayad,"hunt, hunting, fishing"
صُفَّة,ṣuffa,סַפָּה,sapá,ṣupa,"sofa, sill, shelf, console"
صُورَة,ṣūra,צוּרָה,tsurá,ṣura,"form, shape, figure"
صِبْغ,ṣibḡ,צֶבַע,tséva',ṣibag,"dye, pigment, paint, tincture"
صِبْغ,ṣibḡ,צָבַע,tsavá',ṣibag,"dye, pigment, paint, tincture"
صِدِّيق,ṣiddīq,צַדִּיק,tsadík,ṣidiq,"always truthful, veracious"
صِير,ṣīr,צִיר,tsír,ṣir,brine
ضَأْن,ḍaʔn,צֹאן,tsón,ṣaʔn,sheep
ضَبُع,ḍabuʕ,צָבוֹעַ,tsavóa,ṣabuʕ,hyena
ضَحِك,ḍaḥik,צָחַק,tsakhák,ṣaxik,laughter
ضَحِكَ,ḍaḥika,צָחַק,tsakhák,ṣaxika,to laugh
ضَحِكَ,ḍaḥika,שָׂחַק,saḥáq,ṣaxika,to laugh
ضَفْدَعَ,ḍafdaʕa,צְפַרְדֵּעַ,tz'fardéa,ṣafdaʕia,to have or abound with frogs
ضِفْدِع,ḍifdiʕ,צְפַרְדֵּעַ,tz'fardéa,ṣifardiaʕ,frog
ضِلْع,ḍilʕ,צֵלָע,tselá,ṣilaʕ,rib
طَاهِر,ṭāhir,טָהוֹר,tahór,ṭahir,pure; clean
طَبَخَ,ṭabaḵa,טַבָּח,tabákh,ṭabaxa,to cook
طَبَّاخ,ṭabbāḵ,טַבָּח,tabákh,ṭabax,cook
طَبْع,ṭabʕ,טֶבַע,téva,ṭabaʕ,nature
طَحَنَ,ṭaḥana,טָחַן,takhán,ṭaxan,"to grind, to mill"
طَحِينَة,ṭaḥīna,טְחִינָה,t'khiná,ṭaxina,"tahini, paste made from ground sesame seeds"
طَرِيق,ṭarīq,דֶּרֶךְ,dérekh,ṭariq,"way, road, path, track, street"
طَرِيّ,ṭariyy,טָרִי,tarí,ṭariy,fresh
طَعَام,ṭaʕām,טַעַם,tá'am,ṭaʕam,food
طَعِمَ,ṭaʕima,טַעַם,tá'am,ṭaʕima,"to degust, to taste"
طَعْم,ṭaʕm,טַעַם,tá'am,ṭaʕam,"taste, flavor"
طَعْم,ṭaʕm,טָעַם,ta'ám,ṭaʕam,"taste, flavor"
طَفَا,ṭafā,צָף,tsaf,ṭafa,to float
طَقْس,ṭaqs,טֶקֶס,tékes,ṭaqs,"ritual, rite, any ceremonized practice"
طَلّ,ṭall,טַל,tal,ṭal,dew; drizzle
طَيِّب,ṭayyib,טוֹב,tov,ṭab,"charming, pleasant, agreeable"
طُفَيْل,ṭufayl,טַפִּיל,tapil,ṭupayl,parasite
طُوبُوغْرَافْيَا,ṭūbūḡrāfyā,טוֹפּוֹגְרַפְיָה,topográfya,tapagrapia,topography
طِحَال,ṭiḥāl,טְחוֹל,təḥṓl,ṭixal,"spleen, milt"
طِين,ṭīn,טִיט,tít,ṭin,"wet or sticky soil, clay, loam; mud"
ظَبْي,ẓaby,צְבִי,tsví,ṣabiy,"gazelle, mountain goat, antelope"
ظَرِبَان,ẓaribān,דׇּרְבָּן,dorbán,ṣariban,skunk
ظَمِئ,ẓamiʔ,צָמֵא,tsamé,ṣamiʔ,thirsty
ظَمِئ,ẓamiʔ,צָמָא,tsamá,ṣamiʔ,thirsty
ظَمِئَ,ẓamiʔa,צָמֵא,tsamé,ṣamiʔ,"to thirst, be thirsty"
ظَمِئَ,ẓamiʔa,צָמָא,tsamá,ṣamiʔ,"to thirst, be thirsty"
ظُفْر,ẓufr,צִפֹּרֶן,tsipóren,ṣupr,fingernail
ظُهْر,ẓuhr,צׇהֳרַיִם,tsohoráyim,ṣuharayim,"noon, midday"
ظِلّ,ẓill,צֵל,tsél,ṣil,"shadow, shade"
عَاصِفَة,ʕāṣifa,סוּפָה,sufá,ʕaṣifa,storm
عَاقَبَ,ʕāqaba,עָקַב,akáv,ʕaqaba,to follow at one's heels
عَالَم,ʕālam,עוֹלָם,'olám,ʕalam,"world, hereunder, worldly life"
عَبَرَ,ʕabara,עִבֵּר,ibér,ʕabar,"to cross, to traverse"
عَبَرَ,ʕabara,עָבַר,avár,ʕabar,"to cross, to traverse"
عَبَّرَ,ʕabbara,עִבֵּר,ibér,ʕabara,"to get across, to make cross, to cause to pass over, to convey across"
عَبْد,ʕabd,עֶבֶד,éved,ʕabid,"a person who is under the ownership of another, a slave, a bondservant"
عَبْد اللّٰه,ʕabd allāh,עוֹבַדְיָה,Ovadyá,ʕabdalah,"a male given name, Abd Allah"
عَتِيق,ʕatīq,עַתִּיק,atík,ʕatiq,"antique, ancient, archaic, old"
عَجَلَة,ʕajala,מַעְגָּל,ma'agál,ʕaʔagala,wheel
عَدَس,ʕadas,עֲדָשָׁה,adashá,ʕadasa,lentils
عَدَسَة,ʕadasa,עֲדָשָׁה,adashá,ʕadasa,lentil
عَدَن,ʕadan,עַדֶּן,áden,ʕadan,"Aden (a port city, the largest city in Yemen; the former capital of South Yemen)"
عَرَق,ʕaraq,עַרַק,ʿaráq,ʕaraq,arrack (a clear raisin liquor that turns cloudy when water is added)
عَرْعَر,ʕarʕar,עַרְעָר,ar'ár,ʕarʕar,juniper (Juniperus gen.)
عَزَبَ,ʕazaba,עָזַב,azáv,ʕazab,"to escape, to slip out"
عَزَرَ,ʕazara,עֵזֶר,'ézer,ʕazara,"to aid, to assist, to strengthen"
عَزَرَ,ʕazara,עָזַר,'azár,ʕazara,"to aid, to assist, to strengthen"
عَزَّ,ʕazza,עָזַז,azáz,ʕazaz,"to be powerful, to overpower"
عَزَّرَ,ʕazzara,עֵזֶר,'ézer,ʕazara,to assist out of honour
عَزَّرَ,ʕazzara,עָזַר,'azár,ʕazara,to assist out of honour
عَزِيز,ʕazīz,עָזִיז,,ʕaziz,"a male given name, Aziz"
عَصًا,ʕaṣan,עֵץ,ʿēṣ,ʕiṣ,wooden handle
عَطَسَ,ʕaṭasa,הִתְעַטֵּשׁ,hit'atésh,ʕaṭasaš,to sneeze
عَظِيم,ʕaẓīm,עָצוּם,atsúm,ʕaṣim,"magnificent, grandiose"
عَظْم,ʕaẓm,עֶצֶם,étsem,ʕaṣm,bone
عَقَرَ,ʕaqara,עָקַר,akár,ʕaqara,to hamstring
عَقِب,ʕaqib,עָקֵב,akév,ʕaqib,heel
عَقْد,ʕaqd,עֲקֵדָה,ʿaqedá,ʕaqida,"tying together, binding"
عَقْرَب,ʕaqrab,עַקְרָב,akráv,ʕaqrab,scorpion
عَقْعَق,ʕaqʕaq,עַקְעָק,ak'ák,ʕaqʕaq,magpie
عَلَا,ʕalā,עָלָה,ʕālā,ʕala,to rise
عَلَقَة,ʕalaqa,עֲלוּקָה,ʿălūqâ,ʕalaqa,leech
عَلَى,ʕalā,עַל,al,ʕalay,"on, over"
عَلِيّ,ʕaliyy,עֵלִי,eli,ʕaliy,"a male given name, Ali"
عَمَدَ,ʕamada,עָמַד,amád,ʕamada,"to prop up, to support"
عَمُود,ʕamūd,עַמּוּד,amúd,ʕamud,"column, shaft, pillar, pole"
عَمِلَ,ʕamila,עָמַל,amál,ʕamila,"to work, perform"
عَمْق,ʕamq,עָמַק,amák,ʕamaq,depth
عَمْق,ʕamq,עָמֹק,amók,ʕamaq,depth
عَمْق,ʕamq,עֹמֶק,ómek,ʕamiq,depth
عَنَان,ʕanān,עָנָן,'anán,ʕanan,"clouds, stratosphere, cloudy sky"
عَنْبَر,ʕanbar,עִנְבָּר,inbár,ʕanbar,ambergris
عَنْز,ʕanz,עֵז,éz,ʕanz,"female goat, she-goat, nanny goat"
عَنْزَة,ʕanza,עֵז,éz,ʕanza,goat
عَنْكَبُوت,ʕankabūt,עַכָּבִישׁ,akavísh,ʕankabut,spider
عَوَّرَ,ʕawwara,עִוֵּר,ʕiwwer,ʕawara,"to deprive of an eye, to blind in one eye"
عَوِرَ,ʕawira,עִוֵּר,ʕiwwer,ʕawira,"to blind (unilaterally), render an eye useless"
عَوْرَة,ʕawra,עֶרְוָה,'ervá,ʕawra,"nakedness, awrah"
عَيْر,ʕayr,עַיִר,áyir,ʕayr,a donkey; a wild ass; an onager
عَيْن,ʕayn,עַיִן,áyin,ʕayn,spring (of water)
عُبُودِيَّة,ʕubūdiyya,עַבְדוּת,avdút,ʕubudiya,"slavery, servitude"
عُرْيَان,ʕuryān,עָרֹם,aróm,ʕuryan,"naked, nude"
عُشْب,ʕušb,עֵשֶׂב,ésev,ʕusib,"fresh, green, juicy, soft or tender herbs or herbage"
عُصْفُور,ʕuṣfūr,צִפּוֹר,tsipór,ʕuṣpur,any small bird
عُود,ʕūd,עוּד,'úd,ʕud,"oud, lute"
عِبَادَة,ʕibāda,עֲבוֹדָה,avodá,ʕibada,"worship, religious practice"
عِبْرِيّ,ʕibriyy,עִבְרִי,ivrí,ʕibri,"Hebrew, Hebraic"
عِجْل,ʕijl,עֵגֶל,égel,ʕigl,calf (young head of cattle)
عِزَّة,ʕizza,עֹז,óz,ʕiza,honour; power
عِشْرُونَ,ʕišrūna,עֶשְׂרִים,'esrím,ʕisru,twenty
عِمَاد,ʕimād,עַמּוּד,amúd,ʕimad,"column, pillar"
عِيد الْمِيلَاد,ʕīd al-mīlād,חַג הַמּוֹלָד,khág hamolád,ʕidhalmilad,Christmas (Christian holiday)
عِيسَى,ʕīsā,יֵשׁוּעַ,yeshúa,ʕisua,"Jesus (Isa), son of Mary, revered as a major prophet in Islam."
غَار,ḡār,עָר,'ár,gar,bay laurel (Laurus nobilis); laurel (Laurus gen.)
غَاز,ḡāz,גָּז,gaz,gaz,gas
غَبَرَة,ḡabara,עָפָר,afár,gabara,"dust, gray powder"
غَزَّة,ḡazza,עַזָּה,áza,gaza,"Gaza (a city in the Gaza Strip, Palestine in the Levant; in full, Gaza City)"
غَطَا,ḡaṭā,עָטָה,ʿatá,gaṭa,"to cover, to enfold, to envelop, to wrap"
غَطَّى,ḡaṭṭā,עָטָה,ʿatá,gaṭa,"to cover up, to cover over, to enfold, to envelop, to wrap up"
غَيْطَلَة,ḡayṭala,עֲלָטָה,alatá,gayṭala,darkness
غُرَاب,ḡurāb,עוֹרֵב,'orév,gurayb,"crow, raven"
غُرْلَة,ḡurla,עָרְלָה,orlá,gurla,foreskin; prepuce
غُلَام,ḡulām,עֶלֶם,élem,gulam,"a young male human, a boy-child"
ـَات,-āt,־וֹת,-ót,ʔat,Suffix used to pluralize non-human nouns.
ـَانِ,-āni,־וֹן,-on,ʔani,Suffix added to a noun or adjective to form the dual form.
فَاخَ,fāḵa,פּוּחַ,púakh,puaxa,to blow noisily (of the wind)
فَانُوس,fānūs,פַּנָּס,panás,panas,lantern
فَتَحَ,fataḥa,פָּתַח,patákh,patax,to begin
فَتْح,fatḥ,פֶּתַח,pétakh,patax,opening
فَحْم,faḥm,פֶּחָם,pekhám,paxam,coal; charcoal
فَرَأ,faraʔ,פֶּרֶא,pére,paraʔ,"wild-ass, onager, especially a young male"
فَرَس,faras,פָּרָשׁ,parásh,paras,"horse, mare"
فَرْث,farṯ,פֶּרֶשׁ,péresh,paris,"entrails, viscera, bowels, intestines, excretions"
فَرْخ,farḵ,אֶפְרוֹחַ,'efróakh,ʔifarax,"chick, young bird"
فَرْخ,farḵ,פֶּרַח,pérakh,parax,sprout (of a plant)
فَرْو,farw,פרווה,parvá,parw,"pelt, fur"
فَشَل,fašal,פַשְׁלָה,fáshla,pašal,"disappointment, letdown, flop, dud, fiasco"
فَصْفَص,faṣfaṣ,אַסְפֶּסֶת,aspéset,ʔaspastu,"lucerne, alfalfa (Medicago sativa and its produce)"
فَعَلَ,faʕala,פָּעַל,pa'al,paʕala,to do
فَعَلَ,faʕala,פֹּעַל,pó'al,paʕala,to do
فَعَّلَ,faʕʕala,פָּעַל,pa'al,paʕala,to activate
فَلْفَلَ,falfala,פִּלְפֵּל,pilpél,pipali,to put pepper on
فَم,fam,פֶּה,pe,pay,mouth
فُرْس,furs,פָּרָס,parás,parsa,Persians
فُسَيْفِسَاء,fusayfisāʔ,פְּסֵיפָס,psefás,psipas,mosaic
فُسْتُق,fustuq,פִיסְטוּק,fístuk,pustuq,pistachio (Pistacia vera tree and fruit)
فُطْرَة,fuṭra,פִּטְרִיָּה,pitriyá,puṭriya,"fungus, mushroom"
فُلَان,fulān,פלוני,plóni,pulani,"A placeholder name for a person, used when a name is not known; a generic name; so-and-so"
فُلْكْلُور,folklōr,פוֹלְקְלוֹר,folklór,faukla,folklore
فُول,fūl,פּוֹל,pol,pul,"fava beans, fava (Vicia faba)"
فُولَاذ,fūlāḏ,פְּלָדָה,pladá,palad,steel
فِبْرَايِر,fibrāyir,פֶבְּרוּאָר,fébruar,fibruarius,February (second month of the Gregorian calendar)
فِرْسِك,firsik,אֲפַרְסֵק,afarsék,pirsik,peach (Prunus persica tree and fruit)
فِصْح,fiṣḥ,פֶּסַח,pésakh,pisax,"Passover, Pesach"
فِصْح,fiṣḥ,פַּסְחָא,páskha,pisax,Easter
فِعْل,fiʕl,פָּעַל,pa'al,piʕal,"activity, action, work"
فِعْل,fiʕl,פֹּעַל,pó'al,piʕal,verb
فِلَسْطِين,filasṭīn,פָּלֶשְׂתִּינָה,palestína,palaistini,"Palestine (a country in Western Asia, in the Middle East; the State of Palestine; the homeland of the Palestinian people)"
فِلَسْطِين,filasṭīn,פָלַסְטִין,falastín,pilasṭin,"Palestine (a country in Western Asia, in the Middle East; the State of Palestine; the homeland of the Palestinian people)"
فِلْفِل,filfil,פִּלְפֵּל,pilpél,pipali,"pepper (including sweet peppers, chilis as well as black pepper)"
فِي,fī,בְּ־,b'-,ba,"during, for a duration of"
فِيدِيُو,fīdiyū,וִידֵאוֹ,víde'o,widiau,video
فِيل,fīl,פִּיל,píl,pil,elephant
فْلَاش,flāš,פְלֶאשׁ,flesh,flaš,camera flash
قَاءَ,qāʔa,הֵקִיא,hekí,qaʔa,"to send, throw, or cast out; to eject; to emit; to spew; to vomit"
قَابِيل,qābīl,קַיִן,káyin,kayin,Cain (biblical son of Adam)
قَات,qāt,גָּת,gat,qat,khat (Catha edulis)
قَارُون,qārūn,קֹרַח,kórakh,qarax,Korah (biblical character)
قَامَ,qāma,קָם,qɔm,qama,to stand up (to rise from lying or sitting position); to get up
قَامُوس,qāmūs,אוֹקְיָנוֹס,okyános,ʔakianas,ocean
قَايِين,qāyīn,קַיִן,káyin,kayin,Cain (biblical son of Adam)
قَبَرَ,qabara,קְבוּרָה,k'vura,qabara,"to bury, to entomb"
قَبَرَ,qabara,קָבַר,kavár,qabara,"to bury, to entomb"
قَبَضَ,qabaḍa,קִבֵּץ,kibéts,qabaṣa,"to collect, to gather"
قَبَضَ,qabaḍa,קִבּוּץ,kibútz,qabaṣa,"to collect, to gather"
قَبَضَ,qabaḍa,קָבַץ,kaváts,qabaṣa,"to collect, to gather"
قَبْر,qabr,קְבוּרָה,k'vura,qabura,"tomb, grave, sepulcher"
قَبْر,qabr,קֶבֶר,kéver,qabir,"tomb, grave, sepulcher"
قَتَلَ,qatala,קֶטֶל,kétel,qatal,"to kill, to slay, to murder"
قَتَلَ,qatala,קָטַל,katál,qatal,"to kill, to slay, to murder"
قَدَمَ,qadama,קִדֵּם,kidém,qadama,to precede
قَدَمَ,qadama,קָדַם,kadám,qadama,to precede
قَدَمَ,qadama,קֹדֶם,kódem,qadama,to precede
قَدَّسَ,qaddasa,קִדּוּשׁ,kidúsh,qadasa,to sanctify
قَدُسَ,qadusa,קִדּוּשׁ,kidúsh,qudš,"to be holy, to be sacred"
قَدِيم,qadīm,קָדוּם,kadúm,qadim,"old, ancient"
قَرَأَ,qaraʔa,קָרָא,kará,qaraʔa,to read
قَرُبَ,qaruba,קָרַב,karáv,qaruba,"to be near, to come near, to approach"
قَرِيب,qarīb,קָרוֹב,karóv,qarib,"near, close, adjacent"
قَرّ,qarr,קַר,qar,qar,"cool, cold, chilly"
قَرّ,qarr,קֹר,kór,qar,"coldness, cold"
قَرْن,qarn,קֶרֶן,kéren,qarn,horn
قَرْنَبِيط,qarnabīṭ,כְּרוּבִית,kruvít,qarnabiṭ,cauliflower (Brassica oleracea var. botrytis)
قَرْيَة,qarya,קִרְיָה,kiryá,qarya,an urban area or community (such as a town or a city)
قَرْيَة,qarya,קֶרֶת,qeret,qariya,an urban area or community (such as a town or a city)
قَشّ,qašš,קַשׁ,kash,qaš,"stubble, straw"
قَصَّ,qaṣṣa,קָצַץ,katsáts,qaṣats,to cut
قَصَّ,qaṣṣa,קֻצַּץ,kutsáts,qaṣats,to cut
قَصَّاب,qaṣṣāb,קַצָּב,katsáv,qaṣab,"butcher, slaughterer"
قَصِير,qaṣīr,קָצָר,katsár,qaṣir,short
قَطَفَ,qaṭafa,קָטַף,katáf,qaṭafa,"to pluck, to pick, to reap"
قَطَّفَ,qaṭṭafa,קָטַף,katáf,qaṭafa,"to pluck off, to reap off, to prune"
قَطِيفَة,qaṭīfa,קְטִיפָה,k'tifá,qaṭipa,"satin, velvet"
قَفَزَ,qafaza,קִפֵּץ,kipéts,qapaza,"to jump, to leap"
قَفَزَ,qafaza,קָפַץ,kafáts,qafaza,"to jump, to leap"
قَلَم,qalam,קֻלְמוּס,kulmus,kalamas,"pen, reed pen"
قَلَّسَ,qallasa,קֶלֶס,keles,qilis,"to mock, to deride"
قَلِيل,qalīl,קַל,kal,qalil,"short, thin, paltry, insignificant-looking"
قَمِين,qamīn,קָמִין,kamin,qamin,"oven, furnace, kiln"
قَهْوَة,qahwa,קַהְוָה,kahvá,qahwa,coffee (the drink)
قَهْوَة,qahwa,קָפֶה,kafé,qahwa,coffee (the drink)
قَوْس,qaws,קֶשֶׁת,késhet,qawis,"bow, arch, vault"
قَيُّوم,qayyūm,קַיָּם,kayám,qayam,"enduring, most real and lasting, established, certain to exist (said of God)"
قَيْصَر,qayṣar,צָאר,tsár,tsar,"tsar, czar (title of Slavic monarchs)"
قَيْصَر,qayṣar,קֵיסָר,kesár,kaisar,Kaiser (title of German emperors)
قَيْظ,qayẓ,קַיִץ,káyits,qayṣ,midsummer
قُبَّعَة,qubbaʕa,כּוֹבַע,kóva,qubaʕa,hat
قُدُس,qudus,קִדּוּשׁ,kidúsh,qudš,"sanctity, holiness"
قُدُس,qudus,קָדוֹשׁ,kadósh,qudš,"sanctity, holiness"
قُدّ,qudd,קוֹד,kód,kad,cod (the fish)
قُرْبَان,qurbān,קורבן,korbán,qurban,"sacrificial animal, victim"
قُطْب,quṭb,הקוטב,hakótev,quṭb,pole
قُطْب,quṭb,קֹטֶב,kótev,quṭb,pole
قُطْر,quṭr,קֹטֶר,kóter,quṭr,diameter
قُطْن,quṭn,כֻּתְנָה,kutná,quṭn,cotton
قُنْفُذ,qunfuḏ,קִפּוֹד,qippṓḏ,qupda,hedgehog
قُورَح,qūraḥ,קֹרַח,kórakh,qarax,Korah (biblical character)
قِرْش,qirš,כָּרִישׁ,karísh,qiriš,shark
قِطَار,qiṭār,קַטָּר,katár,qiṭar,train
قِطّ,qiṭṭ,חָתוּל,khatúl,qiṭul,"cat, tomcat"
قِيثَارَة,qīṯāra,גִּיטָרָה,gitára,kinar,guitar
كَأْس,kaʔs,כּוֹס,kos,kaʔs,a cup trophy
كَئِبَ,kaʔiba,כָּאַב,ka'áv,kaʔiba,to be sad
كَابُتْشِينُو,kābutšīnū,קַפּוּצִ׳ינוֹ,kapuchino,kaputšina,cappuccino.
كَاتِب,kātib,כּוֹתֵב,kotév,katib,writer; author
كَبِد,kabid,כָּבֵד,kavéd,kabid,liver (“organ”)
كَبْش,kabš,כֶּבֶשׂ,kéves,kabis,"ram, male sheep"
كَتِف,katif,כָּתֵף,katéf,katip,"the shoulder, the shoulder joint"
كَذَبَ,kaḏaba,כִּזֵּב,kizév,kazaba,to deceive
كَذَبَ,kaḏaba,כָּזָב,kazáv,kazaba,to deceive
كَذَّبَ,kaḏḏaba,כִּזֵּב,kizév,kazaba,"to allege of lying, to disbelieve someone"
كَذِب,kaḏib,כָּזָב,kazáv,kazib,lying
كَرَفْس,karafs,כַּרְפַּס,karpás,karapas,celery
كَرِش,kariš,כָּרֵס,karés,karis,"potbelly, paunch, belly"
كَرْم,karm,כֶּרֶם,kérem,kaʔam,"vineyard, vines, orchard"
كَسَا,kasā,כָּסָה,kasá,kasa,to cover
كَفَّرَ,kaffara,כִּפֵּר,kippér,kafara,"to cover, hide"
كَفّ,kaff,כַּף,kaf,kap,"paw, foot, claw"
كَفْر,kafr,כְּפָר,kfar,kapra,"open, town, village, suburb"
كَلْخ,kalḵ,כֶּלֶךְ,kélekh,kalx,Ferula gen. et spp.
كَمُّون,kammūn,כַּמּוֹן,kamón,kamana,cumin (Cuminum cyminum)
كَنَف,kanaf,כָּנָף,kanáf,kanap,"the lateral propelling organ, the wing"
كَنَّة,kanna,כַּלָּה,kalá,kana,female relative through marriage; sister-in-law or daughter-in-law
كَنِيس,kanīs,כְּנֶסֶת,knéset,kanisit,synagogue
كَنِيسَة,kanīsa,כְּנֵסִיָּה,knesiyá,kanisiya,church (building and organization)
كَنِيسَة,kanīsa,כְּנֶסֶת,knéset,kanisat,synagogue (building and organization)
كَنْز,kanz,גְּנָזִים,g'nazím,ganjam,treasure
كَنْعَان,kanʕān,כְּנַעַן,k'ná'an,kanʕan,Canaan
كَنْغَر,kanḡar,קֶנְגּוּרוּ,kénguru,kangaru,kangaroo
كَوْكَب,kawkab,כּוֹכָב,kokháv,kabkab,star
كَيْ,kay,כִּי,ki,kiya,in order that (followed by the subjunctive)
كُحُول,kuḥūl,אַלְכּוֹהוֹל,alkohol,kuxl,"alcohol, spirits"
كُحْلِيّ,kuḥliyy,כָּחֹל,kaḥól,kuxaliy,"dark blue, blue-black, navy blue"
كُرْسُف,kursuf,כַּרְפַּס,karpás,karpasa,cotton
كُرْسِيّ,kursiyy,כִּסֵּא,kisé,kusum,"chair, seat"
كُسّ,kuss,כּוּס,kus,kus,pussy
كُسْكُس,kuskus,כּוּסְכּוּס,kuskus,kuskus,couscous
كُفْتَة,kufta,כֻּפְתָּה,kuftá,kupta,"kufta, meatball, meat dumpling"
كُلُور,kulūr,כְּלוֹר,klór,klarin,chlorine
كُلِّيَّة,kulliyya,מִכְלָלָה,mikhlalá,mikuliya,"college, academy, school, secondary school"
كُلْيَة,kulya,כִּלְיָה,kilyá,kulya,kidney
كُوب,kūb,קאפּ,káp,kupa,"glass, cup"
كُور,kūr,כּוּר,kur,kini,"furnace, smelting furnace, forge"
كُونْلِي,konlī,קונלי,kónli,kanli,a transliteration of the English surname Conley
كُوَالَا لُمْبُور,kuwālā lumbūr,קוּאָלָה לוּמְפּוּר,kuala lumpur,kwala lumpar,Kuala Lumpur (a federal territory of Malaysia)
كِتَاب,kitāb,כְּתָב,k'táv,kitab,"letter, note, paper, piece of writing, message"
كِتَابَة,kitāba,כְּתֹבֶת,k'tóvet,kitabat,writing
كِرْبَاس,kirbās,כַּרְפַּס,karpás,karpasa,cotton-cloth
كِنَّارَة,kinnāra,כִּנּוֹר,kinór,kinar,lyre
كِيبُوتْس,kībūts,קִבּוּץ,kibútz,kibuṣ,kibbutz
كِيس,kīs,כִּיס,kís,kis,"bag, sack"
كِيس,kīs,כַּיָּס,kayás,kiyas,purse
كِيمِيَاء,kīmiyāʔ,כִימְיָה,khímya,kimiyaʔ,chemistry
كِيُوتُو,kiyōtō,קְיוֹטוֹ,kyoto,kata,"Kyoto (the capital city of Kyoto Prefecture, Japan)"
كْرِيم,krēm,קְרֵם,k'rem,krim,cream
لَابْتُوب,lābtop,לָפְּטוֹפּ,láptop,laptap,laptop
لَبُؤَة,labuʔa,לְבִיאָה,l'vi'á,labiʔ,lioness
لَبْوَة,labwa,לָבִיא,laví,labiʔ,lioness
لَحْم,laḥm,לֶחֶם,lékhem,laxim,"flesh, meat"
لَحْن,laḥn,לַחַן,lákhan,laxn,"melody, tune"
لَهَب,lahab,לֶהָבָה,lehavá,lahab,"flame, blaze, flare"
لَهِبَ,lahiba,לַהַב,láhav,lahiba,"to burn, to blaze"
لَهْجَة,lahja,לַהַג,láhag,lahaga,dialect
لَوْح,lawḥ,לוּחַ,lúakh,luawx,"board, tablet, slab"
لَيْث,layṯ,לַיִשׁ,láyish,layis,lion
لَيْرَة,layra,לִירָה,líra,lira,lira (denomination of currency used in Turkey)
لَيْل,layl,לַיְלָה,láyla,layl,"nighttime, night"
لَيْل,layl,לַיִל,láyil,layl,"nighttime, night"
لَيْلَة,layla,לַיְלָה,láyla,layl,a night
لَيْلَة,layla,לַיִל,láyil,layl,a night
لُبّ,lubb,לֵב,lev,lib,"pulp, backlog, marrow, core, heart"
لُبّ,lubb,לֵבָב,leváv,lib,"pulp, backlog, marrow, core, heart"
لُبْنَان,lubnān,לָבָן,laván,laban,Lebanon (a country in West Asia in the Middle East)
لُصّ,luṣṣ,לִסְטִים,listím,listis,thief
لُنْدُن,lundun,לוֹנְדּוֹן,lóndon,landan,London (the capital city of the United Kingdom; the capital city of England)
لُوط,lūṭ,לוֹט,lót,lat,"Lot, Lut (Abrahamic figure)"
لِبْن,libn,לְבֵנָה,l'vená,libina,"bricks, adobes"
لِسَان,lisān,לָשׁוֹן,lashón,lišan,tongue
لِصّ,liṣṣ,לִסְטִים,listím,listis,"thief, robber"
لِفْت,lift,לֶפֶת,léfet,lapt,turnip (Brassica rapa subsp. rapa)
لِمَا,limā,לָ֫מָּה,láma,lima,"for what (relative, not interrogative)"
لِمَاذَا,li-māḏā,לָמָּה זֶה,láma zé,limaza,why
ميشال,mīšāl,מִיכָאֵל,mikha'él,mikaʔil,a male given name of French origin
مَا,mā,מָה,ma,ma,"that which, what"
مَاء,māʔ,מַיִם,máyim,maʔim,water
مَاتَ,māta,מֵת,mét,mawut,to die
مَارِس,māris,מֶרְץ,merts,martius,March (third month of the Gregorian calendar)
مَالِح,māliḥ,מָלוּחַ,malúakh,maliax,"salty, saline."
مَاهَ,māha,מַיִם,máyim,may,to abound with water
مَايُو,māyū,מַאי,may,mayus,May (fifth month of the Gregorian calendar)
مَايْكَل,māykal,מִיכָאֵל,mikha'él,mikaʔil,"a male given name, equivalent to English Michael"
مَبْسُوط,mabsūṭ,מַבְּסוּט,mabsút,mabsuṭ,cheerful
مَبْنًى,mabnan,מִבְנֶה,mivné,mabnan,building
مَتَى,matā,מָתַי,matái,matai,when (at what time?)
مَثَل,maṯal,מָשָׁל,mashál,masal,example
مَثَّلَ,maṯṯala,מָשָׁל,mashál,masala,to quote as example
مَجَلَّة,majalla,מְגִלָּה,m'gilá,magala,"scroll, writing paper, any book, volume, writing"
مَجْنُون,majnūn,מַגְ׳נוּן,majnún,majnun,"mad, crazy, insane, possessed"
مَحَقَ,maḥaqa,מָחַק,makhák,maxaqa,"to efface, to blot out, to destroy, to annihilate, to ruin"
مَحَّقَ,maḥḥaqa,מָחַק,makhák,maxaqa,"to destroy entirely, to blot out entirely"
مَحْق,maḥq,מָחַק,makhák,maxaq,"effacement, obliteration"
مَخْزَن,maḵzan,מַחְסָן,makhsán,maxzan,"depot, warehouse"
مَدِينَة,madīna,מְדִינָה,m'diná,mdiynta,jurisdiction
مَدْرِيد,madrīd,מַדְרִיד,madríd,madrid,Madrid (the capital city of Spain)
مَرَخَ,maraḵa,מָרַח,marákh,maraxa,to rub; to embrocate; to anoint
مَرَقَة,maraqa,מָרָק,marák,maraqa,"broth, stock, gravy, sauce"
مَرْصَبَان,marṣabān,מַרְצִיפָּן,martsipán,martsapani,marzipan
مَرْعًى,marʕan,מִרְעֶה,mir'é,marʕan,"grassland, pasture"
مَرْكَبَة,markaba,מֶרְכָּבָה,merkavá,markaba,"vehicle, carriage"
مَرْكَز,markaz,מֶרְכָּז,merkáz,markaz,"center, midst"
مَسَحَ,masaḥa,מָשַׁח,mashákh,masaxa,to anoint
مَسَّحَ,massaḥa,מָשַׁח,mashákh,masaxa,"to wipe off, to anoint"
مَسِيح,masīḥ,מָשִׁיחַ,mashíakh,masiax,anointed
مَسْطُول,masṭūl,מַסְטוּל,mastúl,masṭul,"drugged, high, wasted, drunk (under the psychological effects of a mood-affecting drug)"
مَشْرِق,mašriq,מִזְרָח,mizrákh,mašriq,an eastern country
مَشْعَر,mašʕar,שֵׂעָר,se'ár,saʕr,hairy
مَصَّ,maṣṣa,מָצַץ,matsáts,maṣats,"to suck, to sip up"
مَطَر,maṭar,מָטָר,matár,maṭar,rain
مَطْبَخ,maṭbaḵ,מִטְבָּח,mitbákh,maṭbax,kitchen
مَعَ,maʕa,עִם,im,ʔimaʕa,"with, together with, accompanied by, in the company of"
مَعْرَكَة,maʕraka,מַעֲרָכָה,ma'arakha,maʕaraka,battle
مَغَارَة,maḡāra,מְעָרָה,m'ará,magara,grotto
مَغْرِب,maḡrib,המערב,hama'aráv,hamagarib,west
مَغْرِب,maḡrib,מַעֲרָב,ma'aráv,magarib,west
مَقَام,maqām,מָקוֹם,makóm,maqam,"place, spot"
مَقْدِس,maqdis,מִקְדָּשׁ,mikdásh,maqdis,a holy place; a sanctuary
مَكَّة,makka,מֶכָּה,méka,maka,Mecca (a large city in Saudi Arabia)
مَكْتُوب,maktūb,מַכְּתּוּבּ,maktúb,maktub,destiny
مَلَأَ,malaʔa,מִלֵּא,milé,malaʔa,to fill
مَلَأَ,malaʔa,מָלֵא,malé,malaʔa,to fill
مَلَأَ,malaʔa,מֻלָּא,mulá,malaʔa,to fill
مَلَك,malak,מַלְאָךְ,mal'ákh,malʔax,angel
مَلَّاح,mallāḥ,מַלָּח,mallā́ḥ,malaxum,"mariner, shipman, sailor, helmsman"
مَلَّحَ,mallaḥa,מֶלַח,mélaḥ,milx,to salt
مَلِك,malik,מֶלֶךְ,mélekh,malk,"king, sovereign, monarch"
مَلِيء,malīʔ,מָלֵא,malé,maliʔ,"full, filled, replete"
مَلْت,malt,מַלְט,malt,malt,malt
مَلْحَمَة,malḥama,מִלְחָמָה,milkhamá,malxama,"bloody battle, slaughter, massacre, bloodbath"
مَمْلَكَة,mamlaka,מַמְלָכָה,mamlakhá,mamlaka,kingdom
مَنَار,manār,מְנוֹרָה,m'norá,manara,lighthouse
مَنَارَة,manāra,מְנוֹרָה,m'norá,manara,menorah
مَنَعَ,manaʕa,מָנַע,maná',manaʕa,"to hinder, to prevent, to repel"
مَنّ,mann,מָנֶה,mané,mani,manna
مَنْشُور,manšūr,מִנְסָרָה,minsará,mansura,prism
مَنْع,manʕ,מָנַע,maná',manaʕ,prevention
مَهَرَ,mahara,מָהַר,mahár,mahara,"to settle a dowry for (one's wife, etc.)"
مَوَّتَ,mawwata,מָוֶת,mávet,mawata,to die off
مَوْت,mawt,מָוֶת,mávet,mawit,death
مَوْسِم,mawsim,אֱשׁוּן,eshún,mawsim,season
مَوْعِد,mawʕid,מוֹעֵד,mo'éd,mawʕid,appointment
مَوْلِد,mawlid,מוֹלֶדֶת,molédet,mawilid,birthplace
مَيْن,mayn,מֵיְן,meyn,min,Maine (a state of the United States; probably named for the province in France)
مُؤَذِّن,muʔaḏḏin,מוּאַזִּין,mu'azín,muʔazin,"muezzin, announcer of the hour of prayer"
مُبَارَك,mubārak,בָּרוּךְ,barúkh,mubarak,blessed
مُحَاسِب,muḥāsib,חַשָּׁב,khasháv,muxasib,"accountant, bookkeeper"
مُحَافَظَة,muḥāfaẓa,מָחוֹז,makhóz,muxafaṣa,a province; an administrative division of state territory
مُحَمَّد,muḥammad,מֻחַמַּד,mukhamad,muxamad,The 47th sura (chapter) of the Qur'an.
مُخَمَّس,muḵammas,מְחֻמָּשׁ,m'khumásh,muxamas,pentagon
مُخّ,muḵḵ,מוֹחַ,móakh,mux,cerebrum
مُرَبَّى,murabbā,רִבָּה,ribá,muraba,"jam, preserved fruit"
مُرَكَّب,murakkab,מֻרְכָּב,murkáv,murakab,"compound, composed of multiple parts"
مُرَّاكُش,murrākuš,מָרוֹקוֹ,maróko,murakuš,Morocco (a country in North Africa)
مُرّ,murr,מַר,mar,mur,bitter
مُرّ,murr,מֹר,mór,mur,"myrrh, the plant Commiphora myrrha"
مُسْلِم,muslim,מֻסְלְמִי,musl'mí,muslim,Muslim
مُصْحَف,muṣḥaf,מִצְחָף,mitskháf,muṣxaf,"manuscript, codex, text"
مُصْطَكَى,muṣṭakā,מַסְטִיק,mástik,mastiki,"mastic, the gum-resin of Pistacia lentiscus"
مُضْحِك,muḍḥik,מַצְחִיק,matskhík,muṣxik,"funny, comical"
مُلَحِّن,mulaḥḥin,מַלְחִין,malkhín,mulaxin,composer
مُمَثِّل,mumaṯṯil,מֶמְשָׁלָה,memshalá,mumasila,representative (in government)
مُهَنْدِس,muhandis,הַנְדָּסָה,handasá,handaz,geometer
مُهَنْدِس,muhandis,מְהַנְדֵּס,m'handés,muhandis,engineer
مُهَنْدِس,muhandis,מְהֻנְדָּס,m'hundás,muhandis,clever
مُوسِيقَى,mūsīqā,מוּזִיקָה,múzika,musiki,music
مِتْر,mitr,מֶטֶר,méter,mitr,metre
مِثَال,miṯāl,מָשָׁל,mashál,misal,"simile, allegory, parable, fable, tale"
مِجَنّ,mijann,מָגֵן,magén,migan,a shield
مِزَاج,mizāj,מֶזֶג,mézeg,mizag,"temperament, temper, nature, disposition"
مِسْكِين,miskīn,מְסֻכָּן,m'sukán,muškinum,poor
مِسْكِين,miskīn,מִסְכֵּן,miskén,miskin,poor
مِسْمَار,mismār,מַסְמֵר,masmér,mismar,"nail, pin, peg, wedge, bolt, even a screw"
مِشْمِش,mišmiš,מִשְׁמֵשׁ,mishmésh,mišmiš,"apricots (fruit), apricot (collectively)"
مِصْر,miṣr,מִצְרַיִם,mitsráyim,miṣrayim,Egypt (a country in North Africa and West Asia)
مِصْيَدَة,miṣyada,מְצוּדָה,m'tsudá,miṣyada,"net, snare (for fishing or trapping, and also loosely like “traps for rain water”)"
مِفْتَاح,miftāḥ,מַפְתֵּחַ,maftéakh,miftiax,key (to a door)
مِلَاط,milāṭ,מֶלֶט,mélet,milaṭ,"the binding agent used for constructing buildings, mortar, plaster"
مِلْح,milḥ,מֶלַח,mélaḥ,milx,salt
مِلْيار,milyār,מִילְיַארְד,milyárd,milyar,billion (10⁹)
مِنًى,minan,מָנֶה,mané,minan,Mina (a valley near Mecca)
مِنْجَل,minjal,מַגָּל,magál,mingal,"scythe, sickle"
مِنْحَة,minḥa,מִנְחָה,minkhá,minxa,gift
مِنْخَر,minḵar,נְחִיר,n'khír,minxar,"nostril, nose"
مِنْخَل,minḵal,מוֹהַל,mohál,minxal,"sieve, sifter"
مِنْشَار,minšār,מַסּוֹר,masór,minsar,saw
مِيتَة,mīta,מִיתָה,mitá,mita,manner of death
مِيخَائِيل,mīḵāʔīl,מִיכָאֵל,mikha'él,mikaʔil,"a male given name from Hebrew, equivalent to English Michael"
مِيل,mīl,מִיל,míl,mil,mile
مِيم,mīm,מֶם,mem,mim,meme
مِينَاء,mīnāʔ,נָמֵל,namél,limin,"port, harbor"
نَاب,nāb,נִיב,niv,nab,canine tooth
نَادِر,nādir,נָדִיר,nadír,nadir,"rare, extraordinary"
نَار,nār,נִיר,nir,nur,fire
نَار,nār,נוּר,nur,nur,fire
نَازِيّ,nāziyy,נָאצִי,nátsi,natsi,Nazi
نَاصِرِيّ,nāṣiriyy,נוֹצְרִי,notsrí,naṣiriy,Nazarene
نَاقَة,nāqa,נָאקָה,naká,naqa,female camel
نَامَ,nāma,נָם,nám,nama,to sleep
نَبَحَ,nabaḥa,נָבַח,navákh,nabaxa,"to bark, to bay, to yelp"
نَبِيّ,nabiyy,נָבִיא,naví,nabiy,prophet
نَجْل,najl,נֶכֶד,nékhed,najil,"offspring, child"
نَحْس,naḥs,נַחְס,nákhs,naxs,"bad luck, misfortune"
نَحْل,naḥl,נְחִיל,n'khil,naxil,"bees, bee"
نَحْنُ,naḥnu,אֲנַחְנוּ,anákhnu,nixnu,we (subject pronoun)
نَحْنُ,naḥnu,נַחְנוּ,nákhnu,nixnu,we (subject pronoun)
نَرْجِس,narjis,נַרְקִיס,narkís,narkisas,Narcissus gen. et spp.
نَزَحَ,nazaḥa,זָנַח,zanákh,nazaxa,"to depart, to leave"
نَسَخَ,nasaḵa,נָסַח,nasákh,nasaxa,to abolish
نَسَمَة,nasama,נְשָׁמָה,neshamá,nasama,"breath, wiff, waft, breeze"
نَسَّى,nassā,נִשָּׁה,nishá,nasa,to cause to forget
نَسِيَ,nasiya,נָשָׁה,nashá,našaya,to forget
نَسْر,nasr,נֶשֶׁר,nésher,našr,an eagle
نَشَأَ,našaʔa,נִשָּׂא,nisá,nasaʔ,"to be raised, to be lifted, to rise up"
نَشَأَ,našaʔa,נָשָׂא,nasá,nasaʔ,"to be raised, to be lifted, to rise up"
نَشَّأَ,naššaʔa,נִשָּׂא,nisá,nasaʔ,to raise
نَشَّأَ,naššaʔa,נָשָׂא,nasá,nasaʔ,to raise
نَصْرَانِيّ,naṣrāniyy,נוֹצְרִי,notsrí,naṣraniy,a Christian
نَعَلَ,naʕala,נַעַל,ná'al,naʕala,"to sole, to shoe"
نَعَمَ,naʕama,נָעַם,na'ám,naʕama,to enjoy
نَعَمَ,naʕama,נֹעַם,nó'am,naʕama,"to live in comfort, to be pleased"
نَعَّمَ,naʕʕama,נָעַם,na'ám,naʕama,"to favor, to coddle, to pamper"
نَعْل,naʕl,נַעַל,ná'al,naʕal,a light shoe for human feet (such as a slipper)
نَعْنَاع,naʕnāʕ,נַעְנַע,na'na',naʕnaʕ,mint
نَغْم,naḡm,נְעִימָה,ne'imá,nagima,"tune, air, melody; voice, part; timbre, tone color; sound, tone"
نَفَخَ,nafaḵa,נִפֵּחַ,nipéakh,napax,"to blow up, to inflate"
نَفَخَ,nafaḵa,נָפַח,nafákh,napax,to blow
نَفِيل,nafīl,נָפִיל,nafíl,nafil,"a Naphil, a member of the Nephilim"
نَفْس,nafs,נֶפֶשׁ,néfesh,napš,"life, breath"
نَقَانِق,naqāniq,נַקְנִיק,nakník,naqaniq,"sausage, baloney"
نَقِيّ,naqiyy,נָקִי,nakí,naqiy,"clean, spotless"
نَمِر,namir,נָמֵר,namér,namir,tiger
نَمِشَ,namiša,נֶמֶשׁ,némesh,namiša,to be freckled
نَمْش,namš,נֶמֶשׁ,némesh,namiš,"freckle, spot, mark"
نَمْل,naml,נְמָלָה,nemalá,namala,ants
نَهَرَ,nahara,נָהַר,nahár,nahara,"to flow forth upon, to betide"
نَهَقَ,nahaqa,נָהַק,nahák,nahaqa,to bray
نَهْر,nahr,נָהָר,nahár,nahar,river
نَوَّرَ,nawwara,נִיר,nir,nur,to shed light
نَوَّرَ,nawwara,נוּר,nur,nur,to shed light
نَوْل,nawl,נוּל,núl,nawla,loom
نُحَاس,nuḥās,נְחֹשֶׁת,n'khóshet,nxuxas,copper
نُسْخَة,nusḵa,נוּסָח,nusákh,nusaxa,transcript
نُقْطَة,nuqṭa,נְקֻדָּה,n'kudá,nuquṭa,"dot, point"
نُوتْرُون,nutrūn,נֵיטְרוֹן,neitrón,nyutran,neutron
نُور,nūr,נִיר,nir,nur,"lamp, light, lantern"
نُور,nūr,נוּר,nur,nur,illumination
نُوفِمْبِر,nūfimbir,נוֹבֶמְבֶּר,novémber,nawimbir,November (eleventh month of the Gregorian calendar)
نِبْتُون,nibtūn,נֶפְּטוּן,néptun,niptunus,Neptune
نِفْط,nifṭ,נֵפְט,neft,napṭum,"oil, petroleum, naphtha"
نِيء,nīʔ,נָא,ná,niʔ,"raw, uncooked"
نِير,nīr,מָנוֹר,manór,niru,"beam, a transverse piece of wood in a loom"
نِيس,nīs,ניס,nis,nis,"Nice (a coastal city, the capital of Alpes-Maritimes department in the Provence-Alpes-Côte d'Azur region in southeast France)"
نِينْجَا,nīnjā,נִינְגָ׳ה,nínja,ninja,ninja
نْيُوتْرُون,nyutrūn,נֵיטְרוֹן,neitrón,nyutran,neutron
هَاجَر,hājar,הָגָר,hagár,hagar,"a female given name, Hajar, equivalent to English Hagar or Hager"
هَدَس,hadas,הֲדַס,haḏás,hadas,myrtle (Myrtus gen. et spp.)
هَلَكَ,halaka,הָלַךְ,halákh,halak,"to ruin, to annihilate, to destroy"
هَلْ,hal,הֲ־,ha-,hal,introduces a positive yes-no question
هَنْدَسَة,handasa,הַנְדָּסָה,handasá,handasa,geometry
هَنْدَسَة,handasa,מְהַנְדֵּס,m'handés,handaz,engineering
هَيْكَل,haykal,הֵיכָל,hekhál,ʔikalum,temple
هَيْل,hayl,הֶל,hel,hayl,cardamom
هُمْ,hum,הֵם,hem,hum,they (masculine plural subject pronoun)
هُنَا,hunā,הֵנָּה,héna,huna,"here, in this place"
هُنَّ,hunna,הֵן,hen,huna,they (feminine plural subject pronoun)
هِنْدُوس,hindūs,הֹדּוּ,hódu,hiduš,Hindus
هِيَ,hiya,הִיא,hi,šiʔa,she (subject pronoun).
هٰذَا,hāḏā,זֶה,ze,haza,this
وَاحِد,wāḥid,אֶחָד,ekhád,ʔaxad,one
وَارْسُو,warsō,וַרְשָׁה,vársha,waršiwa,Warsaw (the capital city of Poland)
وَتَد,watad,יָתֵד,yatéd,watad,"wood peg, wedge, picket, stake, brad"
وَتَر,watar,יֶתֶר,yéter,watar,hypotenuse
وَثِيق,waṯīq,וָתִיק,vatík,wasiq,"trustworthy, reliable"
وَرَق,waraq,יֶרֶק,yérek,waraq,"foliage, leaves"
وَرَق,waraq,יָרָק,yarák,waraq,"foliage, leaves"
وَرَّثَ,warraṯa,יָרַשׁ,yarásh,warasa,"cause someone to inherit, to transfer by will, to bequeath"
وَرِثَ,wariṯa,יָרַשׁ,yarásh,warisa,to inherit
وَرِك,warik,יָרֵךְ,yarékh,warik,"hip, thigh"
وَرِيد,warīd,וְרִיד,v'rid,warid,vein
وَرْد,ward,וֶרֶד,véred,warid,roses
وَصَّى,waṣṣā,צִוָּה,tsivá,waṣa,"to ordain, to decree, to command"
وَصِيَّة,waṣiyya,מִצְוָה,mitsvá,waṣiya,"commandment, injunction, bidding, ordinance"
وَعِل,waʕil,יָעֵל,ya'él,waʕil,"antelope, ibex"
وَلَد,walad,יֶלֶד,yéled,walad,child (“son or daughter of any age”)
وَلَدَ,walada,יָלַד,yalád,walad,"to bear, to beget"
وَلِيد,walīd,יָלִיד,yalíd,walid,"the product of, the result of, occasioned by, engendered by, sprung from"
وَٱللّٰهِ,wal-lāhi,וַאלְלַהּ,wálla,wa‿lahi,"really?, really!"
وِلَادَة,wilāda,הֻלֶּדֶת,hulédet,wiladat,birth (process of childbearing)
وِيسْكِي,wiskī,וִיסְקִי,víski,wiski,whiskey
يَأْجُوج,yaʔjūj,גּוֹג,gog,gag,Gog (an evil tribe associated with Magog)
يَأْجُوج,yaʔjūj,מָגוֹג,magóg,magag,Gog (an evil tribe associated with Magog)
يَئِسَ,yaʔisa,הִתְיָאֵשׁ,hitya'ésh,hityaʔisa,"to give up hope, to despair, to be hopeless"
يَئِسَ,yaʔisa,יֵאֵשׁ,ye'ésh,yaʔisa,"to give up hope, to despair, to be hopeless"
يَا,yā,יָא,yá,ya,"O; hey; you; vocative particle preceding a noun used in direct address, only rarely omitted in such contexts"
يَابِسَة,yābisa,יַבָּשָׁה,yabashá,yabisa,"earth, land, surface, sand, mud; as opposed to water"
يَاٱللَّٰه,yāllāh,יַאלְלָה,yálla,ya‿lah,"come on, c’mon"
يَخْت,yaḵt,יַכְטָה,yákhta,yaxt,yacht
يَد,yad,יָד,yád,yad,"an appendage of a body (as of an animal), a foreleg"
يَسُوع,yasūʕ,יֵשׁוּעַ,yeshúa,yasuaʕ,Jesus of Nazareth
يَسِير,yasīr,יָשָׁר,yashár,yasir,short (of time)
يَشُوع,yašūʕ,יְהוֹשֻׁעַ,y'hoshúa,yihašua,Joshua
يَشْب,yašb,‮יָשְׁפֵה‬,yošp̄e,yašbi,jasper
يَشْم,yašm,‮יָשְׁפֵה‬,yošp̄e,yašmi,jade
يَمِين,yamīn,יָמִין,yamín,yamin,right hand
يَمّ,yamm,יָם,yam,yam,open sea
يَنَايِر,yanāyir,יָנוּאָר,yánuar,yanuarius,January (first month of the Gregorian calendar)
يَهُوذَا,yahūḏā,יְהוּדָה,y'hudá,yahudah,Judah (biblical figure)
يَوْم,yawm,יוֹם,yom,yawm,"day, period from sunrise to sunset"
يَوْم الْغُفْرَان,yawm al-ḡufrān,יוֹם כִּפּוּר,yom kippúr,yam kipur,"Yom Kippur, the Jewish Day of Atonement."
يَوْم الْكَفَّارَة,yawm al-kaffāra,יוֹם כִּפּוּר,yom kippúr,yam kipur,"Yom Kippur, the Jewish Day of Atonement."
يُود,yūd,יוֹד,yod,yad,iodine
يُورانيُوم,yurānyum,אוּרַנְיוּם,urányum,yuriniam,uranium
يُولْيُو,yūlyū,יוּלִי,yúli,yulius,July (seventh month of the Gregorian calendar)
يُونَان,yūnān,יוֹנָה,yoná,yana,"Jonah, Jonas (prophet)"
يُونُس,yūnus,יוֹנָה,yoná,yana,"Jonah, Jonas (prophet)"
يُونْيُو,yūnyū,יוּנִי,yúni,yunius,June (sixth month of the Gregorian calendar)
